year,team,5yr,3yr,1yr,1B,2B,3B,HR,SO,BB,GB,FB,LD,IFFB,FIP
1964,BAL,97,98,103,,,,,,,,,,,
1964,BOS,106,107,104,,,,,,,,,,,
1964,CHA,95,95,92,,,,,,,,,,,
1964,CHN,105,105,107,,,,,,,,,,,
1964,CIN,104,103,101,,,,,,,,,,,
1964,CLE,99,99,103,,,,,,,,,,,
1964,DET,103,101,96,,,,,,,,,,,
1964,HOU,95,94,96,,,,,,,,,,,
1964,KC1,103,105,108,,,,,,,,,,,
1964,LAA,95,92,87,,,,,,,,,,,
1964,LAN,92,91,91,,,,,,,,,,,
1964,MIN,102,100,101,,,,,,,,,,,
1964,MLN,98,101,99,,,,,,,,,,,
1964,NYA,97,100,101,,,,,,,,,,,
1964,NYN,99,99,98,,,,,,,,,,,
1964,PHI,98,98,98,,,,,,,,,,,
1964,PIT,100,99,101,,,,,,,,,,,
1964,SFN,100,101,99,,,,,,,,,,,
1964,SLN,108,109,112,,,,,,,,,,,
1964,WS2,100,102,103,,,,,,,,,,,
1965,BAL,98,101,98,,,,,,,,,,,
1965,BOS,108,109,111,,,,,,,,,,,
1965,CAL,95,92,96,,,,,,,,,,,
1965,CHA,94,91,90,,,,,,,,,,,
1965,CHN,103,104,103,,,,,,,,,,,
1965,CIN,106,107,105,,,,,,,,,,,
1965,CLE,100,101,98,,,,,,,,,,,
1965,DET,101,101,105,,,,,,,,,,,
1965,HOU,97,95,90,,,,,,,,,,,
1965,KC1,102,101,99,,,,,,,,,,,
1965,LAN,92,91,89,,,,,,,,,,,
1965,MIN,103,103,100,,,,,,,,,,,
1965,MLN,98,101,104,,,,,,,,,,,
1965,NYA,98,98,101,,,,,,,,,,,
1965,NYN,99,99,102,,,,,,,,,,,
1965,PHI,100,98,95,,,,,,,,,,,
1965,PIT,100,100,98,,,,,,,,,,,
1965,SFN,100,101,109,,,,,,,,,,,
1965,SLN,108,109,107,,,,,,,,,,,
1965,WS2,101,100,102,,,,,,,,,,,
1966,ATL,101,99,99,,,,,,,,,,,
1966,BAL,99,98,100,,,,,,,,,,,
1966,BOS,108,112,111,,,,,,,,,,,
1966,CAL,96,97,99,,,,,,,,,,,
1966,CHA,94,91,92,,,,,,,,,,,
1966,CHN,105,103,103,,,,,,,,,,,
1966,CIN,107,109,115,,,,,,,,,,,
1966,CLE,100,100,100,,,,,,,,,,,
1966,DET,101,102,103,,,,,,,,,,,
1966,HOU,97,95,98,,,,,,,,,,,
1966,KC1,102,98,95,,,,,,,,,,,
1966,LAN,91,90,94,,,,,,,,,,,
1966,MIN,104,105,110,,,,,,,,,,,
1966,NYA,98,96,94,,,,,,,,,,,
1966,NYN,99,99,96,,,,,,,,,,,
1966,PHI,99,99,101,,,,,,,,,,,
1966,PIT,100,100,100,,,,,,,,,,,
1966,SFN,100,101,97,,,,,,,,,,,
1966,SLN,99,97,98,,,,,,,,,,,
1966,WS2,99,100,96,,,,,,,,,,,
1967,ATL,101,99,105,,,,,,,,,,,
1967,BAL,99,98,95,,,,,,,,,,,
1967,BOS,108,109,114,,,,,,,,,,,
1967,CAL,96,97,95,,,,,,,,,,,
1967,CHA,97,94,91,,,,,,,,,,,
1967,CHN,104,105,101,,,,,,,,,,,
1967,CIN,107,112,108,,,,,,,,,,,
1967,CLE,99,100,101,,,,,,,,,,,
1967,DET,102,102,99,,,,,,,,,,,
1967,HOU,97,98,96,,,,,,,,,,,
1967,KC1,102,98,101,,,,,,,,,,,
1967,LAN,92,90,88,,,,,,,,,,,
1967,MIN,104,107,106,,,,,,,,,,,
1967,NYA,97,96,95,,,,,,,,,,,
1967,NYN,99,99,100,,,,,,,,,,,
1967,PHI,99,101,104,,,,,,,,,,,
1967,PIT,99,101,101,,,,,,,,,,,
1967,SFN,100,98,99,,,,,,,,,,,
1967,SLN,99,97,100,,,,,,,,,,,
1967,WS2,98,97,103,,,,,,,,,,,
1968,ATL,101,100,93,,,,,,,,,,,
1968,BAL,98,99,101,,,,,,,,,,,
1968,BOS,108,107,102,,,,,,,,,,,
1968,CAL,96,97,96,,,,,,,,,,,
1968,CHA,101,101,101,,,,,,,,,,,
1968,CHN,107,106,113,,,,,,,,,,,
1968,CIN,107,106,114,,,,,,,,,,,
1968,CLE,102,98,100,,,,,,,,,,,
1968,DET,102,102,104,,,,,,,,,,,
1968,HOU,98,99,100,,,,,,,,,,,
1968,LAN,92,92,90,,,,,,,,,,,
1968,MIN,103,104,106,,,,,,,,,,,
1968,NYA,95,96,100,,,,,,,,,,,
1968,NYN,100,100,101,,,,,,,,,,,
1968,OAK,96,95,98,,,,,,,,,,,
1968,PHI,100,101,99,,,,,,,,,,,
1968,PIT,99,99,100,,,,,,,,,,,
1968,SFN,98,99,97,,,,,,,,,,,
1968,SLN,99,97,93,,,,,,,,,,,
1968,WS2,97,98,94,,,,,,,,,,,
1969,ATL,103,101,103,,,,,,,,,,,
1969,BAL,98,99,101,,,,,,,,,,,
1969,BOS,107,106,106,,,,,,,,,,,
1969,CAL,96,95,99,,,,,,,,,,,
1969,CHA,102,107,110,,,,,,,,,,,
1969,CHN,109,113,106,,,,,,,,,,,
1969,CIN,107,107,100,,,,,,,,,,,
1969,CLE,103,103,96,,,,,,,,,,,
1969,DET,101,104,102,,,,,,,,,,,
1969,HOU,97,98,102,,,,,,,,,,,
1969,KCA,100,100,103,,,,,,,,,,,
1969,LAN,93,92,97,,,,,,,,,,,
1969,MIN,102,101,101,,,,,,,,,,,
1969,MON,102,102,103,,,,,,,,,,,
1969,NYA,96,95,94,,,,,,,,,,,
1969,NYN,99,101,98,,,,,,,,,,,
1969,OAK,96,95,92,,,,,,,,,,,
1969,PHI,100,98,100,,,,,,,,,,,
1969,PIT,98,97,95,,,,,,,,,,,
1969,SDN,96,97,99,,,,,,,,,,,
1969,SE1,100,101,101,,,,,,,,,,,
1969,SFN,99,98,101,,,,,,,,,,,
1969,SLN,100,100,98,,,,,,,,,,,
1969,WS2,97,96,97,,,,,,,,,,,
1970,ATL,103,106,105,,,,,,,,,,,
1970,BAL,99,99,95,,,,,,,,,,,
1970,BOS,106,108,111,,,,,,,,,,,
1970,CAL,95,96,91,,,,,,,,,,,
1970,CHA,104,105,108,,,,,,,,,,,
1970,CHN,111,111,119,,,,,,,,,,,
1970,CIN,96,97,103,,,,,,,,,,,
1970,CLE,104,106,115,,,,,,,,,,,
1970,DET,103,101,104,,,,,,,,,,,
1970,HOU,99,96,94,,,,,,,,,,,
1970,KCA,100,100,99,,,,,,,,,,,
1970,LAN,94,94,89,,,,,,,,,,,
1970,MIL,100,100,100,,,,,,,,,,,
1970,MIN,103,101,97,,,,,,,,,,,
1970,MON,102,102,101,,,,,,,,,,,
1970,NYA,95,94,91,,,,,,,,,,,
1970,NYN,98,99,102,,,,,,,,,,,
1970,OAK,96,95,95,,,,,,,,,,,
1970,PHI,100,98,96,,,,,,,,,,,
1970,PIT,98,97,96,,,,,,,,,,,
1970,SDN,96,97,96,,,,,,,,,,,
1970,SFN,99,99,97,,,,,,,,,,,
1970,SLN,101,102,106,,,,,,,,,,,
1970,WS2,97,96,97,,,,,,,,,,,
1971,ATL,107,107,111,,,,,,,,,,,
1971,BAL,100,97,101,,,,,,,,,,,
1971,BOS,106,108,106,,,,,,,,,,,
1971,CAL,95,92,98,,,,,,,,,,,
1971,CHA,104,104,97,,,,,,,,,,,
1971,CHN,110,114,110,,,,,,,,,,,
1971,CIN,96,97,96,,,,,,,,,,,
1971,CLE,104,110,108,,,,,,,,,,,
1971,DET,102,103,96,,,,,,,,,,,
1971,HOU,98,97,92,,,,,,,,,,,
1971,KCA,100,99,98,,,,,,,,,,,
1971,LAN,95,93,98,,,,,,,,,,,
1971,MIL,100,100,103,,,,,,,,,,,
1971,MIN,102,103,105,,,,,,,,,,,
1971,MON,102,101,100,,,,,,,,,,,
1971,NYA,95,94,97,,,,,,,,,,,
1971,NYN,98,98,95,,,,,,,,,,,
1971,OAK,94,97,99,,,,,,,,,,,
1971,PHI,103,104,104,,,,,,,,,,,
1971,PIT,97,97,98,,,,,,,,,,,
1971,SDN,96,94,96,,,,,,,,,,,
1971,SFN,100,99,100,,,,,,,,,,,
1971,SLN,100,104,101,,,,,,,,,,,
1971,WS2,97,96,93,,,,,,,,,,,
1972,ATL,107,111,107,,,,,,,,,,,
1972,BAL,98,101,96,,,,,,,,,,,
1972,BOS,106,106,106,,,,,,,,,,,
1972,CAL,94,94,88,,,,,,,,,,,
1972,CHA,103,102,106,,,,,,,,,,,
1972,CHN,109,110,113,,,,,,,,,,,
1972,CIN,96,93,92,,,,,,,,,,,
1972,CLE,105,104,107,,,,,,,,,,,
1972,DET,103,102,112,,,,,,,,,,,
1972,HOU,97,98,107,,,,,,,,,,,
1972,KCA,100,99,101,,,,,,,,,,,
1972,LAN,94,96,92,,,,,,,,,,,
1972,MIL,100,98,96,,,,,,,,,,,
1972,MIN,102,105,107,,,,,,,,,,,
1972,MON,102,102,103,,,,,,,,,,,
1972,NYA,95,96,92,,,,,,,,,,,
1972,NYN,98,96,94,,,,,,,,,,,
1972,OAK,95,93,95,,,,,,,,,,,
1972,PHI,103,104,98,,,,,,,,,,,
1972,PIT,97,97,101,,,,,,,,,,,
1972,SDN,95,94,90,,,,,,,,,,,
1972,SFN,102,102,101,,,,,,,,,,,
1972,SLN,101,98,105,,,,,,,,,,,
1972,TEX,99,98,96,,,,,,,,,,,
1973,ATL,106,108,115,,,,,,,,,,,
1973,BAL,97,97,105,,,,,,,,,,,
1973,BOS,106,106,105,,,,,,,,,,,
1973,CAL,94,92,95,,,,,,,,,,,
1973,CHA,102,103,103,,,,,,,,,,,
1973,CHN,107,107,108,,,,,,,,,,,
1973,CIN,96,94,92,,,,,,,,,,,
1973,CLE,102,102,99,,,,,,,,,,,
1973,DET,103,106,100,,,,,,,,,,,
1973,HOU,97,99,95,,,,,,,,,,,
1973,KCA,103,106,110,,,,,,,,,,,
1973,LAN,95,94,98,,,,,,,,,,,
1973,MIL,100,98,97,,,,,,,,,,,
1973,MIN,104,104,104,,,,,,,,,,,
1973,MON,104,104,104,,,,,,,,,,,
1973,NYA,97,96,99,,,,,,,,,,,
1973,NYN,97,98,99,,,,,,,,,,,
1973,OAK,94,93,86,,,,,,,,,,,
1973,PHI,103,103,109,,,,,,,,,,,
1973,PIT,97,96,92,,,,,,,,,,,
1973,SDN,96,94,96,,,,,,,,,,,
1973,SFN,103,105,105,,,,,,,,,,,
1973,SLN,100,99,90,,,,,,,,,,,
1973,TEX,99,98,100,,,,,,,,,,,
1974,ATL,106,105,103,103.0,100.0,84.0,124.0,97.0,102.0,,,,,107.0
1974,BAL,96,95,92,97.0,97.0,85.0,93.0,101.0,98.0,,,,,97.0
1974,BOS,107,107,106,101.0,114.0,104.0,110.0,99.0,103.0,,,,,104.0
1974,CAL,94,94,93,101.0,94.0,87.0,94.0,102.0,97.0,,,,,97.0
1974,CHA,103,103,102,102.0,100.0,111.0,93.0,99.0,101.0,,,,,99.0
1974,CHN,107,105,103,104.0,102.0,96.0,123.0,100.0,102.0,,,,,106.0
1974,CIN,97,97,97,97.0,106.0,106.0,101.0,100.0,99.0,,,,,100.0
1974,CLE,101,100,101,100.0,95.0,91.0,106.0,100.0,100.0,,,,,102.0
1974,DET,105,105,107,100.0,104.0,112.0,111.0,101.0,100.0,,,,,103.0
1974,HOU,96,96,97,97.0,98.0,102.0,86.0,101.0,98.0,,,,,96.0
1974,KCA,103,106,106,100.0,111.0,133.0,90.0,93.0,95.0,,,,,98.0
1974,LAN,95,94,91,100.0,91.0,74.0,101.0,101.0,98.0,,,,,100.0
1974,MIL,99,100,103,102.0,96.0,98.0,96.0,99.0,101.0,,,,,99.0
1974,MIN,103,104,101,101.0,97.0,105.0,104.0,102.0,100.0,,,,,100.0
1974,MON,104,106,104,104.0,99.0,108.0,103.0,100.0,102.0,,,,,101.0
1974,NYA,98,97,95,98.0,101.0,97.0,97.0,102.0,101.0,,,,,98.0
1974,NYN,96,98,99,98.0,98.0,94.0,97.0,103.0,99.0,,,,,98.0
1974,OAK,94,92,99,99.0,93.0,89.0,100.0,100.0,103.0,,,,,101.0
1974,PHI,103,105,104,98.0,104.0,105.0,106.0,101.0,104.0,,,,,102.0
1974,PIT,97,96,97,99.0,102.0,105.0,97.0,97.0,101.0,,,,,100.0
1974,SDN,95,97,96,100.0,96.0,95.0,89.0,98.0,96.0,,,,,97.0
1974,SFN,104,105,109,100.0,102.0,119.0,94.0,104.0,102.0,,,,,98.0
1974,SLN,101,98,103,102.0,101.0,111.0,89.0,97.0,97.0,,,,,97.0
1974,TEX,99,99,96,100.0,98.0,89.0,98.0,103.0,100.0,,,,,98.0
1975,ATL,108,103,96,103.0,100.0,84.0,124.0,97.0,102.0,,,,,107.0
1975,BAL,95,92,89,97.0,97.0,85.0,93.0,101.0,98.0,,,,,97.0
1975,BOS,108,108,108,101.0,114.0,104.0,110.0,99.0,103.0,,,,,104.0
1975,CAL,95,93,95,101.0,94.0,87.0,94.0,102.0,97.0,,,,,97.0
1975,CHA,102,102,104,102.0,100.0,111.0,93.0,99.0,101.0,,,,,99.0
1975,CHN,107,106,106,104.0,102.0,96.0,123.0,100.0,102.0,,,,,106.0
1975,CIN,99,101,102,97.0,106.0,106.0,101.0,100.0,99.0,,,,,100.0
1975,CLE,100,100,100,100.0,95.0,91.0,106.0,100.0,100.0,,,,,102.0
1975,DET,104,106,106,100.0,104.0,112.0,111.0,101.0,100.0,,,,,103.0
1975,HOU,94,93,95,97.0,98.0,102.0,86.0,101.0,98.0,,,,,96.0
1975,KCA,103,102,101,100.0,111.0,133.0,90.0,93.0,95.0,,,,,98.0
1975,LAN,96,93,93,100.0,91.0,74.0,101.0,101.0,98.0,,,,,100.0
1975,MIL,99,101,102,102.0,96.0,98.0,96.0,99.0,101.0,,,,,99.0
1975,MIN,102,102,106,101.0,97.0,105.0,104.0,102.0,100.0,,,,,100.0
1975,MON,104,105,108,104.0,99.0,108.0,103.0,100.0,102.0,,,,,101.0
1975,NYA,98,97,99,98.0,101.0,97.0,97.0,102.0,101.0,,,,,98.0
1975,NYN,96,94,94,98.0,98.0,94.0,97.0,103.0,99.0,,,,,98.0
1975,OAK,94,96,91,99.0,93.0,89.0,100.0,100.0,103.0,,,,,101.0
1975,PHI,103,104,102,98.0,104.0,105.0,106.0,101.0,104.0,,,,,102.0
1975,PIT,98,98,98,99.0,102.0,105.0,97.0,97.0,101.0,,,,,100.0
1975,SDN,95,95,100,100.0,96.0,95.0,89.0,98.0,96.0,,,,,97.0
1975,SFN,104,105,102,100.0,102.0,119.0,94.0,104.0,102.0,,,,,98.0
1975,SLN,99,104,103,102.0,101.0,111.0,89.0,97.0,97.0,,,,,97.0
1975,TEX,100,99,100,100.0,98.0,89.0,98.0,103.0,100.0,,,,,98.0
1976,ATL,107,108,112,103.0,100.0,84.0,124.0,97.0,102.0,,,,,107.0
1976,BAL,93,92,97,97.0,97.0,85.0,93.0,101.0,98.0,,,,,97.0
1976,BOS,109,112,111,101.0,114.0,104.0,110.0,99.0,103.0,,,,,104.0
1976,CAL,96,94,92,101.0,94.0,87.0,94.0,102.0,97.0,,,,,97.0
1976,CHA,101,101,101,102.0,100.0,111.0,93.0,99.0,101.0,,,,,99.0
1976,CHN,108,110,111,104.0,102.0,96.0,123.0,100.0,102.0,,,,,106.0
1976,CIN,101,102,102,97.0,106.0,106.0,101.0,100.0,99.0,,,,,100.0
1976,CLE,99,99,99,100.0,95.0,91.0,106.0,100.0,100.0,,,,,102.0
1976,DET,105,105,105,100.0,104.0,112.0,111.0,101.0,100.0,,,,,103.0
1976,HOU,94,91,86,97.0,98.0,102.0,86.0,101.0,98.0,,,,,96.0
1976,KCA,101,100,99,100.0,111.0,133.0,90.0,93.0,95.0,,,,,98.0
1976,LAN,96,96,98,100.0,91.0,74.0,101.0,101.0,98.0,,,,,100.0
1976,MIL,101,99,100,102.0,96.0,98.0,96.0,99.0,101.0,,,,,99.0
1976,MIN,101,103,99,101.0,97.0,105.0,104.0,102.0,100.0,,,,,100.0
1976,MON,104,105,102,104.0,99.0,108.0,103.0,100.0,102.0,,,,,101.0
1976,NYA,98,98,98,99.0,98.0,104.0,99.0,99.0,97.0,,,,,99.0
1976,NYN,96,93,90,98.0,98.0,94.0,97.0,103.0,99.0,,,,,98.0
1976,OAK,97,95,99,99.0,93.0,89.0,100.0,100.0,103.0,,,,,101.0
1976,PHI,102,102,105,98.0,104.0,105.0,106.0,101.0,104.0,,,,,102.0
1976,PIT,100,99,98,99.0,102.0,105.0,97.0,97.0,101.0,,,,,100.0
1976,SDN,94,93,91,100.0,96.0,95.0,89.0,98.0,96.0,,,,,97.0
1976,SFN,102,103,104,100.0,102.0,119.0,94.0,104.0,102.0,,,,,98.0
1976,SLN,100,101,105,102.0,101.0,111.0,89.0,97.0,97.0,,,,,97.0
1976,TEX,99,102,102,100.0,98.0,89.0,98.0,103.0,100.0,,,,,98.0
1977,ATL,109,114,116,104.0,101.0,86.0,129.0,98.0,102.0,,,,,108.0
1977,BAL,93,93,92,97.0,98.0,84.0,92.0,100.0,97.0,,,,,96.0
1977,BOS,109,111,117,101.0,113.0,103.0,111.0,99.0,103.0,,,,,104.0
1977,CAL,95,96,94,101.0,95.0,84.0,92.0,102.0,98.0,,,,,97.0
1977,CHA,101,101,100,101.0,100.0,112.0,94.0,100.0,102.0,,,,,99.0
1977,CHN,110,112,114,104.0,106.0,98.0,121.0,100.0,103.0,,,,,107.0
1977,CIN,101,102,100,97.0,106.0,101.0,102.0,99.0,99.0,,,,,100.0
1977,CLE,100,97,98,100.0,96.0,91.0,104.0,99.0,100.0,,,,,102.0
1977,DET,103,106,105,99.0,100.0,110.0,110.0,101.0,101.0,,,,,103.0
1977,HOU,92,91,92,97.0,97.0,105.0,82.0,101.0,98.0,,,,,95.0
1977,KCA,101,100,99,100.0,110.0,129.0,91.0,92.0,97.0,,,,,98.0
1977,LAN,98,98,98,102.0,91.0,72.0,105.0,100.0,98.0,,,,,101.0
1977,MIL,100,100,96,103.0,97.0,98.0,96.0,99.0,100.0,,,,,99.0
1977,MIN,102,99,103,101.0,97.0,109.0,105.0,102.0,101.0,,,,,101.0
1977,MON,98,98,99,98.0,102.0,112.0,91.0,103.0,102.0,,,,,98.0
1977,NYA,97,97,97,99.0,98.0,104.0,99.0,99.0,97.0,,,,,99.0
1977,NYN,95,95,96,98.0,97.0,92.0,96.0,103.0,98.0,,,,,98.0
1977,OAK,96,98,96,99.0,92.0,92.0,97.0,99.0,101.0,,,,,100.0
1977,PHI,101,103,99,98.0,103.0,105.0,105.0,102.0,103.0,,,,,101.0
1977,PIT,101,101,102,100.0,101.0,99.0,103.0,98.0,101.0,,,,,101.0
1977,SDN,94,91,90,100.0,96.0,99.0,88.0,98.0,97.0,,,,,97.0
1977,SEA,102,101,98,97.0,100.0,91.0,121.0,104.0,105.0,,,,,106.0
1977,SFN,99,99,104,99.0,99.0,115.0,91.0,104.0,101.0,,,,,96.0
1977,SLN,101,98,95,102.0,101.0,114.0,90.0,97.0,98.0,,,,,97.0
1977,TEX,100,100,103,101.0,97.0,89.0,98.0,104.0,99.0,,,,,98.0
1977,TOR,104,104,104,100.0,108.0,112.0,103.0,99.0,102.0,,,,,102.0
1978,ATL,110,113,114,104.0,100.0,83.0,128.0,98.0,101.0,,,,,108.0
1978,BAL,95,92,90,97.0,99.0,82.0,96.0,100.0,96.0,,,,,98.0
1978,BOS,107,110,107,101.0,114.0,105.0,109.0,99.0,102.0,,,,,103.0
1978,CAL,96,96,101,101.0,95.0,82.0,94.0,102.0,99.0,,,,,98.0
1978,CHA,100,101,102,100.0,100.0,115.0,92.0,99.0,102.0,,,,,98.0
1978,CHN,110,113,111,103.0,107.0,98.0,121.0,99.0,102.0,,,,,106.0
1978,CIN,101,100,103,96.0,106.0,100.0,104.0,99.0,99.0,,,,,101.0
1978,CLE,100,99,94,101.0,96.0,91.0,103.0,99.0,100.0,,,,,101.0
1978,DET,103,102,107,99.0,98.0,106.0,111.0,101.0,102.0,,,,,103.0
1978,HOU,92,92,95,98.0,96.0,108.0,80.0,100.0,99.0,,,,,95.0
1978,KCA,101,102,101,100.0,109.0,128.0,91.0,93.0,98.0,,,,,99.0
1978,LAN,98,99,98,101.0,91.0,71.0,106.0,99.0,98.0,,,,,101.0
1978,MIL,99,100,105,102.0,96.0,98.0,94.0,100.0,99.0,,,,,98.0
1978,MIN,102,102,94,101.0,98.0,111.0,101.0,102.0,102.0,,,,,100.0
1978,MON,98,98,95,98.0,102.0,112.0,91.0,103.0,102.0,,,,,98.0
1978,NYA,97,96,97,99.0,98.0,104.0,99.0,99.0,97.0,,,,,99.0
1978,NYN,96,97,99,100.0,97.0,89.0,98.0,104.0,99.0,,,,,99.0
1978,OAK,96,95,101,98.0,92.0,89.0,95.0,100.0,102.0,,,,,100.0
1978,PHI,102,100,104,98.0,104.0,109.0,105.0,102.0,104.0,,,,,102.0
1978,PIT,102,104,105,100.0,103.0,102.0,103.0,97.0,101.0,,,,,102.0
1978,SDN,93,92,92,100.0,95.0,99.0,88.0,98.0,96.0,,,,,97.0
1978,SEA,102,101,104,97.0,100.0,91.0,121.0,104.0,105.0,,,,,106.0
1978,SFN,98,96,90,99.0,97.0,110.0,90.0,104.0,100.0,,,,,96.0
1978,SLN,101,98,95,102.0,104.0,115.0,89.0,97.0,98.0,,,,,97.0
1978,TEX,100,99,96,102.0,98.0,88.0,99.0,104.0,97.0,,,,,98.0
1978,TOR,104,104,102,100.0,108.0,112.0,103.0,99.0,102.0,,,,,102.0
1979,ATL,108,108,111,102.0,97.0,84.0,131.0,98.0,102.0,,,,,109.0
1979,BAL,95,95,95,97.0,99.0,80.0,97.0,101.0,98.0,,,,,98.0
1979,BOS,107,105,106,101.0,114.0,99.0,110.0,100.0,103.0,,,,,103.0
1979,CAL,97,97,93,102.0,97.0,81.0,97.0,102.0,100.0,,,,,98.0
1979,CHA,100,100,103,100.0,98.0,114.0,93.0,99.0,101.0,,,,,99.0
1979,CHN,110,110,112,104.0,106.0,98.0,117.0,99.0,102.0,,,,,105.0
1979,CIN,100,100,97,96.0,106.0,100.0,105.0,99.0,100.0,,,,,101.0
1979,CLE,99,101,106,101.0,96.0,89.0,102.0,98.0,98.0,,,,,100.0
1979,DET,103,103,96,99.0,97.0,104.0,111.0,99.0,102.0,,,,,104.0
1979,HOU,93,93,89,98.0,95.0,111.0,79.0,101.0,99.0,,,,,94.0
1979,KCA,101,102,106,100.0,110.0,134.0,89.0,93.0,98.0,,,,,98.0
1979,LAN,98,98,100,101.0,91.0,74.0,107.0,99.0,97.0,,,,,101.0
1979,MIL,98,99,99,102.0,96.0,99.0,94.0,101.0,98.0,,,,,97.0
1979,MIN,103,104,108,102.0,98.0,118.0,101.0,102.0,101.0,,,,,100.0
1979,MON,98,98,101,98.0,102.0,112.0,91.0,103.0,102.0,,,,,98.0
1979,NYA,97,97,95,99.0,98.0,106.0,97.0,99.0,98.0,,,,,99.0
1979,NYN,98,97,96,100.0,99.0,88.0,101.0,104.0,99.0,,,,,100.0
1979,OAK,95,94,90,99.0,91.0,89.0,95.0,100.0,101.0,,,,,100.0
1979,PHI,103,103,97,98.0,105.0,112.0,106.0,102.0,104.0,,,,,102.0
1979,PIT,102,104,104,101.0,102.0,99.0,104.0,97.0,102.0,,,,,102.0
1979,SDN,94,94,97,101.0,97.0,98.0,86.0,98.0,96.0,,,,,96.0
1979,SEA,102,103,101,97.0,100.0,91.0,121.0,104.0,105.0,,,,,106.0
1979,SFN,97,93,94,100.0,97.0,103.0,88.0,103.0,100.0,,,,,96.0
1979,SLN,100,101,105,101.0,103.0,118.0,89.0,97.0,98.0,,,,,97.0
1979,TEX,98,98,99,102.0,98.0,88.0,95.0,104.0,96.0,,,,,97.0
1979,TOR,104,103,105,100.0,108.0,112.0,103.0,99.0,102.0,,,,,102.0
1980,ATL,106,105,101,101.0,97.0,84.0,130.0,98.0,100.0,,,,,108.0
1980,BAL,97,98,99,97.0,97.0,79.0,98.0,101.0,97.0,,,,,98.0
1980,BOS,106,105,102,101.0,115.0,104.0,106.0,100.0,102.0,,,,,102.0
1980,CAL,98,97,97,102.0,98.0,80.0,99.0,101.0,99.0,,,,,99.0
1980,CHA,100,100,97,100.0,97.0,114.0,92.0,98.0,101.0,,,,,99.0
1980,CHN,108,109,108,103.0,107.0,99.0,111.0,99.0,101.0,,,,,104.0
1980,CIN,101,100,102,97.0,107.0,101.0,105.0,98.0,99.0,,,,,101.0
1980,CLE,100,102,103,101.0,97.0,91.0,101.0,97.0,98.0,,,,,100.0
1980,DET,102,101,106,99.0,96.0,101.0,114.0,100.0,103.0,,,,,105.0
1980,HOU,94,91,96,98.0,96.0,115.0,80.0,101.0,101.0,,,,,96.0
1980,KCA,101,101,98,100.0,109.0,126.0,89.0,94.0,98.0,,,,,98.0
1980,LAN,97,97,96,102.0,90.0,75.0,104.0,99.0,96.0,,,,,100.0
1980,MIL,98,97,94,101.0,97.0,99.0,94.0,100.0,96.0,,,,,97.0
1980,MIN,103,108,109,102.0,98.0,118.0,101.0,102.0,101.0,,,,,100.0
1980,MON,100,99,99,99.0,103.0,110.0,92.0,101.0,105.0,,,,,99.0
1980,NYA,97,97,98,100.0,96.0,111.0,98.0,100.0,97.0,,,,,99.0
1980,NYN,99,97,97,101.0,98.0,87.0,101.0,104.0,99.0,,,,,99.0
1980,OAK,95,92,93,99.0,91.0,88.0,95.0,101.0,100.0,,,,,99.0
1980,PHI,102,104,107,98.0,103.0,110.0,106.0,102.0,104.0,,,,,102.0
1980,PIT,104,102,103,101.0,102.0,104.0,107.0,98.0,100.0,,,,,102.0
1980,SDN,94,95,93,100.0,97.0,96.0,88.0,98.0,96.0,,,,,97.0
1980,SEA,104,102,104,98.0,101.0,91.0,124.0,104.0,106.0,,,,,107.0
1980,SFN,95,97,95,99.0,95.0,93.0,88.0,104.0,100.0,,,,,95.0
1980,SLN,101,104,104,101.0,105.0,122.0,91.0,97.0,98.0,,,,,98.0
1980,TEX,97,97,101,102.0,97.0,83.0,93.0,103.0,96.0,,,,,97.0
1980,TOR,104,105,101,100.0,111.0,118.0,101.0,98.0,103.0,,,,,102.0
1981,ATL,105,103,100,102.0,97.0,86.0,121.0,98.0,99.0,,,,,106.0
1981,BAL,98,99,99,98.0,96.0,83.0,100.0,101.0,98.0,,,,,99.0
1981,BOS,105,106,107,101.0,116.0,102.0,103.0,102.0,102.0,,,,,101.0
1981,CAL,98,100,104,101.0,98.0,77.0,100.0,99.0,100.0,,,,,101.0
1981,CHA,100,98,99,99.0,97.0,114.0,94.0,100.0,102.0,,,,,99.0
1981,CHN,106,106,106,101.0,106.0,98.0,109.0,99.0,102.0,,,,,103.0
1981,CIN,101,102,101,97.0,108.0,103.0,103.0,98.0,101.0,,,,,101.0
1981,CLE,102,100,94,101.0,99.0,87.0,107.0,96.0,99.0,,,,,102.0
1981,DET,100,103,104,98.0,93.0,100.0,111.0,101.0,102.0,,,,,103.0
1981,HOU,93,95,86,98.0,97.0,117.0,77.0,101.0,102.0,,,,,95.0
1981,KCA,101,99,99,101.0,106.0,124.0,90.0,94.0,100.0,,,,,98.0
1981,LAN,97,95,96,103.0,88.0,76.0,103.0,99.0,95.0,,,,,99.0
1981,MIL,95,94,96,99.0,95.0,101.0,92.0,100.0,96.0,,,,,96.0
1981,MIN,103,108,106,102.0,98.0,118.0,101.0,102.0,101.0,,,,,100.0
1981,MON,101,101,98,99.0,106.0,104.0,93.0,101.0,106.0,,,,,99.0
1981,NYA,97,98,98,100.0,97.0,109.0,95.0,100.0,97.0,,,,,98.0
1981,NYN,98,99,102,101.0,96.0,85.0,103.0,104.0,98.0,,,,,100.0
1981,OAK,95,95,95,100.0,90.0,87.0,93.0,100.0,100.0,,,,,98.0
1981,PHI,101,103,113,97.0,104.0,114.0,103.0,103.0,104.0,,,,,101.0
1981,PIT,104,104,97,101.0,102.0,100.0,107.0,99.0,98.0,,,,,101.0
1981,SDN,96,93,94,100.0,95.0,98.0,94.0,99.0,97.0,,,,,98.0
1981,SEA,103,105,101,98.0,102.0,92.0,123.0,104.0,105.0,,,,,107.0
1981,SFN,97,97,105,101.0,95.0,89.0,92.0,103.0,100.0,,,,,97.0
1981,SLN,102,103,102,100.0,104.0,128.0,95.0,96.0,99.0,,,,,99.0
1981,TEX,97,95,90,103.0,99.0,88.0,91.0,102.0,97.0,,,,,97.0
1981,TOR,106,106,112,100.0,111.0,123.0,105.0,99.0,103.0,,,,,103.0
1982,ATL,104,105,107,101.0,98.0,86.0,118.0,97.0,98.0,,,,,105.0
1982,BAL,98,99,99,98.0,94.0,83.0,102.0,102.0,100.0,,,,,100.0
1982,BOS,105,106,110,102.0,116.0,105.0,103.0,102.0,101.0,,,,,101.0
1982,CAL,99,99,99,101.0,97.0,78.0,105.0,98.0,99.0,,,,,102.0
1982,CHA,101,99,97,99.0,98.0,114.0,97.0,99.0,102.0,,,,,100.0
1982,CHN,105,104,104,100.0,103.0,99.0,113.0,100.0,102.0,,,,,104.0
1982,CIN,103,102,102,98.0,108.0,104.0,104.0,99.0,103.0,,,,,102.0
1982,CLE,102,101,100,103.0,99.0,87.0,104.0,96.0,100.0,,,,,101.0
1982,DET,99,99,100,98.0,93.0,100.0,109.0,101.0,101.0,,,,,102.0
1982,HOU,94,92,98,99.0,97.0,123.0,76.0,101.0,101.0,,,,,94.0
1982,KCA,100,101,100,100.0,104.0,121.0,89.0,94.0,99.0,,,,,98.0
1982,LAN,98,96,94,104.0,90.0,78.0,100.0,99.0,94.0,,,,,98.0
1982,MIL,94,93,94,98.0,94.0,98.0,91.0,101.0,96.0,,,,,96.0
1982,MIN,105,104,102,101.0,111.0,118.0,103.0,104.0,100.0,,,,,100.0
1982,MON,99,102,104,98.0,103.0,99.0,94.0,101.0,108.0,,,,,100.0
1982,NYA,97,98,96,101.0,94.0,112.0,94.0,100.0,97.0,,,,,97.0
1982,NYN,99,100,100,102.0,98.0,85.0,104.0,104.0,99.0,,,,,100.0
1982,OAK,95,96,97,100.0,90.0,84.0,95.0,99.0,100.0,,,,,99.0
1982,PHI,102,101,93,98.0,104.0,113.0,103.0,103.0,102.0,,,,,100.0
1982,PIT,101,104,111,101.0,102.0,103.0,103.0,98.0,98.0,,,,,101.0
1982,SDN,96,95,92,100.0,95.0,93.0,98.0,100.0,98.0,,,,,99.0
1982,SEA,103,104,109,99.0,102.0,90.0,120.0,103.0,103.0,,,,,105.0
1982,SFN,98,99,94,101.0,96.0,88.0,94.0,102.0,100.0,,,,,98.0
1982,SLN,101,101,102,99.0,105.0,127.0,93.0,96.0,97.0,,,,,98.0
1982,TEX,98,95,93,102.0,102.0,87.0,91.0,102.0,98.0,,,,,97.0
1982,TOR,105,109,108,98.0,111.0,129.0,106.0,101.0,102.0,,,,,102.0
1983,ATL,106,107,105,103.0,102.0,91.0,116.0,97.0,99.0,,,,,105.0
1983,BAL,98,97,99,98.0,95.0,78.0,101.0,102.0,102.0,,,,,100.0
1983,BOS,105,107,102,103.0,115.0,108.0,101.0,102.0,100.0,,,,,99.0
1983,CAL,100,99,97,100.0,97.0,78.0,106.0,97.0,99.0,,,,,103.0
1983,CHA,102,103,102,99.0,98.0,115.0,100.0,100.0,103.0,,,,,101.0
1983,CHN,107,105,102,100.0,102.0,105.0,120.0,101.0,104.0,,,,,106.0
1983,CIN,104,104,103,101.0,110.0,107.0,99.0,98.0,103.0,,,,,101.0
1983,CLE,101,104,106,103.0,99.0,87.0,100.0,96.0,98.0,,,,,100.0
1983,DET,99,96,95,98.0,92.0,99.0,109.0,100.0,101.0,,,,,103.0
1983,HOU,94,93,90,99.0,98.0,116.0,78.0,101.0,101.0,,,,,94.0
1983,KCA,100,100,102,100.0,104.0,123.0,89.0,95.0,99.0,,,,,98.0
1983,LAN,97,98,99,104.0,90.0,79.0,96.0,100.0,95.0,,,,,97.0
1983,MIL,96,92,91,99.0,97.0,103.0,92.0,100.0,97.0,,,,,96.0
1983,MIN,105,104,106,101.0,111.0,118.0,103.0,104.0,100.0,,,,,100.0
1983,MON,98,99,101,97.0,103.0,97.0,93.0,100.0,108.0,,,,,100.0
1983,NYA,96,96,98,100.0,94.0,107.0,94.0,100.0,98.0,,,,,98.0
1983,NYN,99,100,99,101.0,97.0,85.0,101.0,103.0,97.0,,,,,98.0
1983,OAK,95,95,96,100.0,92.0,84.0,95.0,99.0,101.0,,,,,99.0
1983,PHI,101,99,100,98.0,104.0,110.0,102.0,102.0,102.0,,,,,100.0
1983,PIT,102,102,103,100.0,102.0,103.0,103.0,99.0,98.0,,,,,100.0
1983,SDN,97,96,99,99.0,94.0,94.0,105.0,101.0,98.0,,,,,100.0
1983,SEA,101,104,100,99.0,101.0,91.0,112.0,102.0,102.0,,,,,104.0
1983,SFN,98,98,101,100.0,96.0,85.0,98.0,102.0,100.0,,,,,99.0
1983,SLN,99,100,99,99.0,103.0,125.0,92.0,96.0,96.0,,,,,98.0
1983,TEX,99,98,100,102.0,101.0,88.0,95.0,102.0,98.0,,,,,98.0
1983,TOR,104,106,108,98.0,111.0,128.0,106.0,101.0,102.0,,,,,102.0
1984,ATL,106,108,109,103.0,103.0,91.0,114.0,97.0,99.0,,,,,105.0
1984,BAL,98,97,94,99.0,94.0,78.0,102.0,102.0,101.0,,,,,101.0
1984,BOS,104,105,111,103.0,113.0,107.0,98.0,102.0,99.0,,,,,98.0
1984,CAL,99,99,101,99.0,95.0,79.0,107.0,98.0,99.0,,,,,102.0
1984,CHA,102,104,111,99.0,99.0,121.0,98.0,100.0,103.0,,,,,100.0
1984,CHN,107,109,110,101.0,102.0,102.0,118.0,102.0,105.0,,,,,106.0
1984,CIN,104,105,107,101.0,110.0,108.0,101.0,98.0,103.0,,,,,102.0
1984,CLE,101,103,107,103.0,99.0,89.0,101.0,97.0,99.0,,,,,101.0
1984,DET,98,98,95,98.0,91.0,95.0,105.0,100.0,100.0,,,,,102.0
1984,HOU,96,93,92,100.0,98.0,115.0,81.0,100.0,100.0,,,,,95.0
1984,KCA,100,100,99,100.0,105.0,119.0,90.0,95.0,100.0,,,,,98.0
1984,LAN,96,97,103,104.0,89.0,79.0,93.0,99.0,95.0,,,,,97.0
1984,MIL,97,96,92,98.0,98.0,104.0,94.0,99.0,97.0,,,,,98.0
1984,MIN,105,105,105,101.0,111.0,118.0,103.0,104.0,100.0,,,,,100.0
1984,MON,98,95,91,97.0,102.0,101.0,93.0,100.0,107.0,,,,,100.0
1984,NYA,97,95,93,100.0,95.0,104.0,96.0,100.0,99.0,,,,,98.0
1984,NYN,98,98,100,99.0,96.0,86.0,100.0,102.0,97.0,,,,,98.0
1984,OAK,95,94,92,100.0,91.0,83.0,93.0,99.0,103.0,,,,,99.0
1984,PHI,100,102,102,98.0,105.0,110.0,100.0,102.0,101.0,,,,,99.0
1984,PIT,102,100,93,100.0,104.0,105.0,102.0,100.0,99.0,,,,,101.0
1984,SDN,97,99,98,99.0,93.0,95.0,109.0,103.0,98.0,,,,,101.0
1984,SEA,102,99,103,100.0,103.0,96.0,112.0,102.0,102.0,,,,,104.0
1984,SFN,97,98,99,99.0,96.0,85.0,99.0,101.0,100.0,,,,,99.0
1984,SLN,99,97,98,99.0,103.0,121.0,92.0,95.0,97.0,,,,,98.0
1984,TEX,99,103,100,102.0,100.0,91.0,96.0,102.0,97.0,,,,,98.0
1984,TOR,104,103,101,98.0,109.0,122.0,104.0,102.0,101.0,,,,,101.0
1985,ATL,106,107,108,104.0,104.0,96.0,108.0,97.0,101.0,,,,,104.0
1985,BAL,98,97,99,99.0,96.0,77.0,102.0,101.0,101.0,,,,,101.0
1985,BOS,102,104,102,103.0,112.0,105.0,96.0,101.0,98.0,,,,,98.0
1985,CAL,99,99,100,99.0,93.0,81.0,106.0,98.0,100.0,,,,,102.0
1985,CHA,104,103,100,100.0,101.0,121.0,99.0,100.0,105.0,,,,,100.0
1985,CHN,107,112,117,101.0,100.0,104.0,119.0,102.0,104.0,,,,,106.0
1985,CIN,104,105,105,100.0,109.0,104.0,103.0,98.0,103.0,,,,,102.0
1985,CLE,102,100,96,104.0,99.0,90.0,102.0,97.0,100.0,,,,,101.0
1985,DET,97,98,106,97.0,91.0,92.0,104.0,100.0,98.0,,,,,101.0
1985,HOU,95,96,97,101.0,97.0,103.0,81.0,101.0,99.0,,,,,94.0
1985,KCA,101,99,100,100.0,107.0,125.0,90.0,95.0,100.0,,,,,99.0
1985,LAN,96,96,92,104.0,89.0,77.0,93.0,99.0,94.0,,,,,97.0
1985,MIL,99,100,106,100.0,99.0,105.0,96.0,100.0,97.0,,,,,98.0
1985,MIN,103,106,104,101.0,110.0,119.0,101.0,104.0,100.0,,,,,100.0
1985,MON,98,94,93,97.0,102.0,103.0,93.0,100.0,106.0,,,,,100.0
1985,NYA,97,97,95,100.0,95.0,98.0,97.0,100.0,99.0,,,,,99.0
1985,NYN,97,96,95,99.0,97.0,87.0,99.0,101.0,98.0,,,,,98.0
1985,OAK,94,93,93,99.0,91.0,83.0,92.0,99.0,103.0,,,,,99.0
1985,PHI,103,103,103,99.0,107.0,117.0,99.0,102.0,101.0,,,,,99.0
1985,PIT,101,99,104,100.0,103.0,101.0,101.0,100.0,100.0,,,,,101.0
1985,SDN,98,98,101,98.0,93.0,103.0,110.0,104.0,100.0,,,,,101.0
1985,SEA,101,101,96,99.0,101.0,98.0,113.0,102.0,101.0,,,,,104.0
1985,SFN,97,96,94,98.0,98.0,86.0,102.0,100.0,99.0,,,,,100.0
1985,SLN,98,98,94,99.0,103.0,115.0,92.0,96.0,96.0,,,,,97.0
1985,TEX,102,101,109,103.0,100.0,97.0,99.0,102.0,98.0,,,,,99.0
1985,TOR,102,102,99,97.0,107.0,119.0,103.0,101.0,100.0,,,,,100.0
1986,ATL,107,107,103,103.0,105.0,97.0,109.0,97.0,102.0,,,,,104.0
1986,BAL,98,99,99,99.0,97.0,75.0,103.0,102.0,102.0,,,,,101.0
1986,BOS,103,100,99,102.0,112.0,105.0,98.0,101.0,99.0,,,,,98.0
1986,CAL,98,98,95,99.0,92.0,81.0,105.0,100.0,99.0,,,,,101.0
1986,CHA,103,103,101,100.0,102.0,122.0,97.0,100.0,106.0,,,,,100.0
1986,CHN,107,109,108,103.0,98.0,107.0,120.0,102.0,103.0,,,,,106.0
1986,CIN,104,104,104,101.0,107.0,102.0,108.0,99.0,102.0,,,,,103.0
1986,CLE,101,100,99,104.0,98.0,95.0,99.0,97.0,99.0,,,,,100.0
1986,DET,97,98,95,97.0,91.0,90.0,105.0,100.0,98.0,,,,,101.0
1986,HOU,95,96,101,101.0,98.0,101.0,83.0,101.0,99.0,,,,,94.0
1986,KCA,101,101,99,100.0,109.0,127.0,89.0,94.0,99.0,,,,,98.0
1986,LAN,97,92,94,104.0,90.0,80.0,92.0,98.0,95.0,,,,,97.0
1986,MIL,101,103,102,101.0,101.0,106.0,98.0,100.0,98.0,,,,,99.0
1986,MIN,103,103,110,100.0,109.0,121.0,103.0,104.0,101.0,,,,,100.0
1986,MON,99,99,99,98.0,102.0,109.0,95.0,100.0,104.0,,,,,100.0
1986,NYA,97,98,103,100.0,94.0,95.0,99.0,100.0,99.0,,,,,99.0
1986,NYN,96,96,94,98.0,96.0,90.0,96.0,101.0,97.0,,,,,97.0
1986,OAK,94,93,94,99.0,92.0,84.0,92.0,100.0,101.0,,,,,97.0
1986,PHI,103,104,105,99.0,108.0,114.0,100.0,101.0,101.0,,,,,100.0
1986,PIT,100,103,101,99.0,103.0,102.0,99.0,100.0,103.0,,,,,101.0
1986,SDN,98,98,96,97.0,93.0,101.0,109.0,104.0,101.0,,,,,101.0
1986,SEA,103,101,106,98.0,102.0,102.0,115.0,101.0,101.0,,,,,105.0
1986,SFN,96,95,95,98.0,97.0,84.0,101.0,100.0,97.0,,,,,99.0
1986,SLN,99,98,102,99.0,104.0,109.0,90.0,97.0,96.0,,,,,97.0
1986,TEX,102,103,95,103.0,99.0,94.0,102.0,100.0,98.0,,,,,100.0
1986,TOR,101,101,105,97.0,105.0,115.0,100.0,101.0,100.0,,,,,99.0
1987,ATL,106,107,110,104.0,104.0,99.0,108.0,98.0,102.0,,,,,104.0
1987,BAL,99,98,99,100.0,98.0,76.0,103.0,102.0,102.0,,,,,101.0
1987,BOS,102,102,100,102.0,112.0,103.0,96.0,100.0,99.0,,,,,98.0
1987,CAL,98,97,99,98.0,93.0,85.0,106.0,100.0,99.0,,,,,101.0
1987,CHA,100,102,108,100.0,98.0,126.0,92.0,99.0,104.0,,,,,98.0
1987,CHN,107,105,102,104.0,97.0,104.0,115.0,102.0,102.0,,,,,105.0
1987,CIN,104,104,104,101.0,109.0,106.0,106.0,98.0,101.0,,,,,102.0
1987,CLE,101,102,105,103.0,98.0,96.0,97.0,98.0,99.0,,,,,100.0
1987,DET,98,95,96,96.0,93.0,91.0,108.0,101.0,99.0,,,,,102.0
1987,HOU,97,95,92,102.0,99.0,94.0,86.0,101.0,99.0,,,,,95.0
1987,KCA,100,102,103,101.0,109.0,129.0,87.0,94.0,98.0,,,,,97.0
1987,LAN,95,96,91,102.0,89.0,82.0,91.0,98.0,95.0,,,,,96.0
1987,MIL,102,102,102,101.0,102.0,105.0,98.0,101.0,99.0,,,,,99.0
1987,MIN,104,103,96,101.0,108.0,110.0,102.0,103.0,102.0,,,,,100.0
1987,MON,101,103,105,99.0,104.0,107.0,96.0,101.0,103.0,,,,,99.0
1987,NYA,99,99,97,101.0,97.0,91.0,101.0,100.0,99.0,,,,,100.0
1987,NYN,95,93,98,98.0,94.0,90.0,97.0,101.0,97.0,,,,,97.0
1987,OAK,95,93,91,99.0,92.0,85.0,92.0,101.0,101.0,,,,,97.0
1987,PHI,103,104,104,99.0,107.0,117.0,100.0,100.0,102.0,,,,,101.0
1987,PIT,100,101,104,99.0,103.0,99.0,100.0,100.0,104.0,,,,,102.0
1987,SDN,98,97,97,97.0,94.0,100.0,112.0,104.0,102.0,,,,,102.0
1987,SEA,103,106,103,99.0,103.0,104.0,114.0,100.0,100.0,,,,,105.0
1987,SFN,95,95,95,97.0,97.0,87.0,100.0,100.0,97.0,,,,,99.0
1987,SLN,99,101,98,100.0,104.0,114.0,90.0,97.0,97.0,,,,,97.0
1987,TEX,102,100,104,103.0,97.0,96.0,105.0,101.0,99.0,,,,,101.0
1987,TOR,101,101,99,97.0,105.0,115.0,100.0,101.0,100.0,,,,,99.0
1988,ATL,105,107,107,104.0,103.0,97.0,107.0,98.0,101.0,,,,,104.0
1988,BAL,98,98,97,99.0,97.0,79.0,105.0,102.0,101.0,,,,,101.0
1988,BOS,103,104,109,102.0,112.0,98.0,98.0,100.0,100.0,,,,,99.0
1988,CAL,98,97,95,99.0,94.0,88.0,107.0,100.0,98.0,,,,,102.0
1988,CHA,100,100,98,101.0,99.0,121.0,90.0,99.0,103.0,,,,,98.0
1988,CHN,106,105,105,105.0,99.0,102.0,111.0,101.0,101.0,,,,,103.0
1988,CIN,103,104,105,100.0,105.0,97.0,110.0,98.0,101.0,,,,,104.0
1988,CLE,101,103,102,103.0,98.0,94.0,99.0,98.0,101.0,,,,,101.0
1988,DET,97,96,94,96.0,93.0,92.0,105.0,102.0,99.0,,,,,101.0
1988,HOU,97,96,93,101.0,98.0,99.0,86.0,102.0,98.0,,,,,95.0
1988,KCA,100,100,102,101.0,109.0,125.0,87.0,95.0,97.0,,,,,97.0
1988,LAN,96,95,104,103.0,89.0,86.0,92.0,98.0,96.0,,,,,97.0
1988,MIL,100,100,102,100.0,99.0,100.0,98.0,101.0,99.0,,,,,99.0
1988,MIN,104,102,106,101.0,108.0,118.0,103.0,103.0,102.0,,,,,101.0
1988,MON,101,104,105,99.0,105.0,107.0,97.0,101.0,102.0,,,,,99.0
1988,NYA,100,99,96,101.0,98.0,89.0,102.0,100.0,100.0,,,,,100.0
1988,NYN,95,94,89,97.0,95.0,92.0,97.0,101.0,98.0,,,,,98.0
1988,OAK,94,95,93,99.0,90.0,85.0,92.0,101.0,100.0,,,,,96.0
1988,PHI,102,103,103,98.0,107.0,115.0,100.0,101.0,101.0,,,,,100.0
1988,PIT,99,99,98,98.0,102.0,98.0,99.0,100.0,103.0,,,,,101.0
1988,SDN,99,98,97,97.0,95.0,102.0,109.0,104.0,102.0,,,,,101.0
1988,SEA,104,105,108,98.0,105.0,104.0,114.0,100.0,101.0,,,,,105.0
1988,SFN,97,95,94,98.0,99.0,87.0,101.0,100.0,98.0,,,,,100.0
1988,SLN,101,100,104,100.0,104.0,116.0,93.0,97.0,99.0,,,,,99.0
1988,TEX,101,103,102,102.0,97.0,102.0,103.0,101.0,99.0,,,,,100.0
1988,TOR,101,101,99,97.0,105.0,115.0,100.0,101.0,100.0,,,,,99.0
1989,ATL,107,105,103,105.0,103.0,97.0,108.0,98.0,101.0,,,,,104.0
1989,BAL,98,97,98,99.0,98.0,81.0,102.0,102.0,100.0,,,,,100.0
1989,BOS,104,106,105,102.0,112.0,98.0,101.0,100.0,101.0,,,,,100.0
1989,CAL,97,98,97,99.0,93.0,88.0,107.0,100.0,98.0,,,,,102.0
1989,CHA,100,98,94,101.0,99.0,121.0,90.0,99.0,103.0,,,,,98.0
1989,CHN,105,108,108,104.0,99.0,102.0,112.0,100.0,99.0,,,,,103.0
1989,CIN,104,103,104,99.0,105.0,95.0,112.0,98.0,103.0,,,,,105.0
1989,CLE,101,102,103,103.0,98.0,96.0,95.0,98.0,100.0,,,,,99.0
1989,DET,99,98,99,96.0,93.0,90.0,109.0,102.0,101.0,,,,,102.0
1989,HOU,96,96,103,100.0,101.0,104.0,83.0,103.0,99.0,,,,,94.0
1989,KCA,100,99,95,100.0,108.0,130.0,86.0,95.0,98.0,,,,,97.0
1989,LAN,97,97,92,103.0,90.0,85.0,94.0,99.0,98.0,,,,,98.0
1989,MIL,101,99,96,100.0,101.0,96.0,98.0,102.0,100.0,,,,,99.0
1989,MIN,103,107,107,101.0,106.0,119.0,100.0,102.0,102.0,,,,,100.0
1989,MON,100,101,102,99.0,105.0,104.0,97.0,101.0,100.0,,,,,99.0
1989,NYA,99,100,106,100.0,98.0,85.0,103.0,99.0,99.0,,,,,101.0
1989,NYN,97,94,96,99.0,95.0,96.0,97.0,101.0,98.0,,,,,98.0
1989,OAK,94,94,101,98.0,92.0,88.0,92.0,102.0,98.0,,,,,96.0
1989,PHI,102,101,103,99.0,106.0,107.0,101.0,101.0,102.0,,,,,101.0
1989,PIT,98,96,95,98.0,101.0,99.0,97.0,100.0,101.0,,,,,100.0
1989,SDN,99,100,100,97.0,94.0,101.0,108.0,103.0,102.0,,,,,101.0
1989,SEA,103,104,104,99.0,103.0,105.0,111.0,100.0,100.0,,,,,103.0
1989,SFN,96,97,96,98.0,98.0,90.0,100.0,100.0,97.0,,,,,99.0
1989,SLN,100,103,100,99.0,103.0,118.0,91.0,97.0,99.0,,,,,99.0
1989,TEX,101,102,102,101.0,97.0,106.0,104.0,101.0,100.0,,,,,101.0
1989,TOR,101,100,93,98.0,103.0,113.0,107.0,99.0,101.0,,,,,103.0
1990,ATL,105,107,103,104.0,102.0,90.0,107.0,98.0,99.0,,,,,103.0
1990,BAL,98,97,97,99.0,98.0,81.0,102.0,102.0,100.0,,,,,100.0
1990,BOS,105,104,104,103.0,113.0,96.0,103.0,100.0,102.0,,,,,101.0
1990,CAL,98,97,102,100.0,94.0,88.0,105.0,100.0,97.0,,,,,101.0
1990,CHA,100,98,102,101.0,99.0,121.0,90.0,99.0,103.0,,,,,98.0
1990,CHN,105,108,111,104.0,98.0,104.0,111.0,101.0,99.0,,,,,102.0
1990,CIN,103,104,100,99.0,103.0,94.0,115.0,99.0,103.0,,,,,105.0
1990,CLE,102,100,100,103.0,99.0,95.0,95.0,99.0,101.0,,,,,99.0
1990,DET,100,102,102,97.0,95.0,96.0,108.0,102.0,103.0,,,,,103.0
1990,HOU,96,97,94,100.0,102.0,109.0,85.0,103.0,100.0,,,,,95.0
1990,KCA,100,98,100,101.0,105.0,127.0,84.0,95.0,96.0,,,,,96.0
1990,LAN,98,96,96,103.0,92.0,92.0,94.0,99.0,98.0,,,,,98.0
1990,MIL,98,100,98,99.0,97.0,92.0,98.0,101.0,101.0,,,,,99.0
1990,MIN,104,106,108,102.0,107.0,120.0,100.0,102.0,102.0,,,,,100.0
1990,MON,100,96,95,99.0,106.0,102.0,96.0,101.0,98.0,,,,,98.0
1990,NYA,101,101,97,101.0,99.0,85.0,104.0,99.0,100.0,,,,,102.0
1990,NYN,96,99,98,99.0,95.0,98.0,97.0,101.0,98.0,,,,,98.0
1990,OAK,95,94,89,98.0,92.0,89.0,95.0,101.0,98.0,,,,,97.0
1990,PHI,101,101,99,98.0,104.0,105.0,103.0,101.0,102.0,,,,,101.0
1990,PIT,97,96,97,98.0,102.0,99.0,94.0,100.0,102.0,,,,,99.0
1990,SDN,101,101,102,99.0,95.0,94.0,110.0,101.0,102.0,,,,,103.0
1990,SEA,102,101,99,99.0,107.0,104.0,106.0,100.0,100.0,,,,,102.0
1990,SFN,97,96,101,99.0,99.0,92.0,98.0,99.0,97.0,,,,,99.0
1990,SLN,101,100,105,100.0,102.0,121.0,92.0,97.0,101.0,,,,,100.0
1990,TEX,100,100,101,100.0,97.0,106.0,103.0,102.0,99.0,,,,,100.0
1990,TOR,101,100,102,98.0,103.0,113.0,107.0,99.0,101.0,,,,,103.0
1991,ATL,104,106,113,104.0,101.0,88.0,104.0,97.0,99.0,,,,,102.0
1991,BAL,98,97,97,99.0,98.0,81.0,102.0,102.0,100.0,,,,,100.0
1991,BOS,105,105,104,103.0,113.0,97.0,100.0,100.0,102.0,,,,,100.0
1991,CAL,100,99,92,100.0,95.0,90.0,107.0,99.0,97.0,,,,,102.0
1991,CHA,97,98,99,100.0,95.0,101.0,98.0,97.0,98.0,,,,,99.0
1991,CHN,105,106,106,102.0,101.0,104.0,110.0,100.0,100.0,,,,,103.0
1991,CIN,102,103,108,98.0,102.0,90.0,111.0,98.0,104.0,,,,,104.0
1991,CLE,100,101,96,102.0,97.0,95.0,95.0,98.0,101.0,,,,,99.0
1991,DET,101,102,104,98.0,96.0,97.0,108.0,101.0,103.0,,,,,103.0
1991,HOU,97,95,96,100.0,102.0,109.0,87.0,104.0,100.0,,,,,95.0
1991,KCA,100,100,100,101.0,107.0,128.0,84.0,96.0,96.0,,,,,96.0
1991,LAN,97,97,101,102.0,92.0,87.0,95.0,100.0,99.0,,,,,98.0
1991,MIL,98,97,104,99.0,97.0,93.0,94.0,101.0,101.0,,,,,98.0
1991,MIN,104,104,104,101.0,108.0,117.0,98.0,102.0,101.0,,,,,99.0
1991,MON,98,97,90,98.0,104.0,97.0,96.0,100.0,99.0,,,,,98.0
1991,NYA,100,101,101,100.0,97.0,84.0,104.0,98.0,100.0,,,,,102.0
1991,NYN,98,99,104,100.0,96.0,98.0,98.0,101.0,99.0,,,,,99.0
1991,OAK,95,93,93,98.0,92.0,87.0,97.0,102.0,99.0,,,,,98.0
1991,PHI,100,100,101,99.0,103.0,105.0,100.0,102.0,100.0,,,,,100.0
1991,PIT,98,97,96,98.0,101.0,100.0,95.0,100.0,101.0,,,,,99.0
1991,SDN,101,103,99,100.0,95.0,98.0,111.0,102.0,100.0,,,,,103.0
1991,SEA,101,100,101,99.0,108.0,98.0,101.0,102.0,101.0,,,,,100.0
1991,SFN,96,97,92,98.0,99.0,94.0,99.0,99.0,97.0,,,,,99.0
1991,SLN,99,100,95,99.0,101.0,116.0,92.0,97.0,100.0,,,,,99.0
1991,TEX,99,99,98,99.0,97.0,107.0,102.0,103.0,99.0,,,,,99.0
1991,TOR,101,102,108,98.0,103.0,113.0,107.0,99.0,101.0,,,,,103.0
1992,ATL,103,104,101,104.0,100.0,87.0,104.0,97.0,99.0,,,,,101.0
1992,BAL,101,103,99,100.0,96.0,92.0,104.0,100.0,100.0,,,,,101.0
1992,BOS,105,106,105,104.0,111.0,96.0,100.0,101.0,103.0,,,,,101.0
1992,CAL,101,100,104,101.0,96.0,87.0,108.0,100.0,98.0,,,,,102.0
1992,CHA,97,98,95,100.0,95.0,101.0,98.0,97.0,98.0,,,,,99.0
1992,CHN,103,103,101,102.0,101.0,103.0,108.0,100.0,100.0,,,,,103.0
1992,CIN,102,103,101,97.0,101.0,90.0,110.0,98.0,104.0,,,,,104.0
1992,CLE,100,98,107,102.0,97.0,95.0,95.0,98.0,101.0,,,,,99.0
1992,DET,101,101,101,99.0,96.0,96.0,107.0,101.0,103.0,,,,,102.0
1992,HOU,96,96,94,99.0,100.0,108.0,89.0,104.0,99.0,,,,,95.0
1992,KCA,102,102,102,102.0,109.0,130.0,87.0,96.0,97.0,,,,,97.0
1992,LAN,96,98,95,102.0,91.0,82.0,96.0,100.0,99.0,,,,,98.0
1992,MIL,99,98,90,100.0,98.0,95.0,95.0,100.0,102.0,,,,,99.0
1992,MIN,103,103,100,101.0,106.0,118.0,99.0,102.0,101.0,,,,,99.0
1992,MON,98,98,108,98.0,105.0,100.0,94.0,99.0,99.0,,,,,98.0
1992,NYA,98,99,104,99.0,96.0,86.0,102.0,98.0,98.0,,,,,101.0
1992,NYN,99,99,95,100.0,97.0,100.0,98.0,100.0,99.0,,,,,99.0
1992,OAK,94,95,98,97.0,92.0,90.0,96.0,102.0,100.0,,,,,98.0
1992,PHI,99,100,100,99.0,103.0,102.0,98.0,102.0,100.0,,,,,99.0
1992,PIT,99,99,99,99.0,102.0,103.0,95.0,100.0,99.0,,,,,98.0
1992,SDN,101,102,107,99.0,96.0,99.0,110.0,102.0,100.0,,,,,102.0
1992,SEA,100,101,102,98.0,107.0,99.0,99.0,103.0,102.0,,,,,100.0
1992,SFN,97,94,99,98.0,99.0,91.0,100.0,100.0,98.0,,,,,100.0
1992,SLN,99,96,101,99.0,101.0,109.0,95.0,98.0,100.0,,,,,100.0
1992,TEX,99,97,97,99.0,97.0,107.0,102.0,103.0,99.0,,,,,99.0
1992,TOR,102,103,99,99.0,102.0,110.0,108.0,100.0,100.0,,,,,102.0
1993,ATL,103,99,99,102.0,100.0,89.0,106.0,97.0,99.0,,,,,102.0
1993,BAL,101,103,105,100.0,96.0,92.0,104.0,100.0,100.0,,,,,101.0
1993,BOS,104,107,109,104.0,112.0,99.0,97.0,100.0,103.0,,,,,100.0
1993,CAL,100,104,105,100.0,95.0,86.0,105.0,101.0,100.0,,,,,102.0
1993,CHA,97,97,100,100.0,95.0,101.0,98.0,97.0,98.0,,,,,99.0
1993,CHN,101,99,103,100.0,100.0,101.0,106.0,100.0,100.0,,,,,102.0
1993,CIN,101,100,99,98.0,103.0,92.0,105.0,98.0,104.0,,,,,103.0
1993,CLE,100,98,93,102.0,97.0,95.0,95.0,98.0,101.0,,,,,99.0
1993,COL,114,119,123,106.0,104.0,163.0,106.0,97.0,103.0,,,,,104.0
1993,DET,102,100,100,99.0,96.0,97.0,108.0,101.0,103.0,,,,,103.0
1993,FLO,99,103,102,101.0,96.0,109.0,97.0,101.0,102.0,,,,,100.0
1993,HOU,95,96,97,98.0,99.0,101.0,89.0,104.0,98.0,,,,,95.0
1993,KCA,102,105,106,102.0,108.0,128.0,88.0,95.0,98.0,,,,,98.0
1993,LAN,95,94,97,102.0,90.0,79.0,93.0,99.0,98.0,,,,,97.0
1993,MIL,101,97,99,102.0,100.0,98.0,94.0,99.0,103.0,,,,,99.0
1993,MIN,102,101,104,100.0,104.0,114.0,101.0,103.0,101.0,,,,,100.0
1993,MON,99,102,97,99.0,106.0,101.0,92.0,99.0,101.0,,,,,98.0
1993,NYA,99,96,93,99.0,96.0,86.0,103.0,97.0,97.0,,,,,101.0
1993,NYN,99,99,98,101.0,96.0,105.0,99.0,100.0,98.0,,,,,99.0
1993,OAK,94,94,93,97.0,92.0,89.0,98.0,102.0,99.0,,,,,99.0
1993,PHI,101,99,100,99.0,104.0,99.0,100.0,102.0,100.0,,,,,100.0
1993,PIT,100,100,100,99.0,103.0,102.0,98.0,101.0,100.0,,,,,99.0
1993,SDN,100,102,99,99.0,95.0,92.0,109.0,101.0,100.0,,,,,102.0
1993,SEA,101,101,100,98.0,108.0,97.0,101.0,105.0,102.0,,,,,100.0
1993,SFN,95,96,92,97.0,97.0,91.0,98.0,100.0,98.0,,,,,99.0
1993,SLN,98,98,94,99.0,101.0,106.0,93.0,98.0,99.0,,,,,99.0
1993,TEX,99,97,96,99.0,97.0,107.0,102.0,103.0,99.0,,,,,99.0
1993,TOR,101,100,104,98.0,103.0,111.0,107.0,101.0,100.0,,,,,102.0
1994,ATL,101,100,97,101.0,99.0,92.0,104.0,97.0,99.0,,,,,102.0
1994,BAL,101,104,106,100.0,96.0,92.0,104.0,100.0,100.0,,,,,101.0
1994,BOS,104,104,103,104.0,112.0,102.0,98.0,100.0,101.0,,,,,99.0
1994,CAL,101,102,103,100.0,97.0,84.0,107.0,102.0,99.0,,,,,101.0
1994,CHA,96,97,95,100.0,92.0,99.0,95.0,96.0,98.0,,,,,99.0
1994,CHN,100,99,93,100.0,99.0,103.0,103.0,101.0,101.0,,,,,101.0
1994,CIN,100,99,99,97.0,101.0,93.0,100.0,98.0,103.0,,,,,101.0
1994,CLE,101,100,104,101.0,103.0,95.0,97.0,99.0,101.0,,,,,99.0
1994,COL,114,119,114,106.0,104.0,163.0,106.0,97.0,103.0,,,,,104.0
1994,DET,101,101,101,98.0,97.0,98.0,107.0,102.0,101.0,,,,,102.0
1994,FLO,99,103,110,101.0,96.0,109.0,97.0,101.0,102.0,,,,,100.0
1994,HOU,94,94,97,98.0,99.0,94.0,91.0,105.0,98.0,,,,,96.0
1994,KCA,101,103,108,102.0,107.0,124.0,90.0,94.0,97.0,,,,,99.0
1994,LAN,93,93,90,100.0,90.0,80.0,90.0,99.0,96.0,,,,,96.0
1994,MIL,101,104,106,102.0,99.0,100.0,93.0,98.0,102.0,,,,,99.0
1994,MIN,102,102,98,99.0,104.0,109.0,102.0,103.0,102.0,,,,,100.0
1994,MON,102,99,104,98.0,107.0,106.0,96.0,98.0,102.0,,,,,99.0
1994,NYA,98,96,92,100.0,96.0,88.0,101.0,97.0,98.0,,,,,100.0
1994,NYN,97,99,104,101.0,95.0,99.0,98.0,100.0,98.0,,,,,99.0
1994,OAK,96,92,92,98.0,93.0,92.0,98.0,102.0,99.0,,,,,99.0
1994,PHI,100,102,96,99.0,104.0,103.0,99.0,102.0,100.0,,,,,99.0
1994,PIT,102,102,100,100.0,105.0,101.0,99.0,101.0,102.0,,,,,100.0
1994,SDN,99,97,100,100.0,95.0,95.0,109.0,100.0,100.0,,,,,102.0
1994,SEA,100,101,104,97.0,109.0,92.0,101.0,105.0,103.0,,,,,100.0
1994,SFN,97,95,99,98.0,98.0,89.0,99.0,101.0,99.0,,,,,100.0
1994,SLN,99,98,100,100.0,102.0,100.0,96.0,99.0,99.0,,,,,99.0
1994,TEX,103,103,95,103.0,100.0,121.0,100.0,98.0,100.0,,,,,100.0
1994,TOR,100,101,97,98.0,103.0,111.0,105.0,102.0,101.0,,,,,101.0
1995,ATL,101,102,104,101.0,99.0,92.0,104.0,97.0,99.0,,,,,102.0
1995,BAL,101,100,101,101.0,95.0,85.0,105.0,101.0,99.0,,,,,101.0
1995,BOS,103,103,100,103.0,111.0,103.0,97.0,100.0,101.0,,,,,99.0
1995,CAL,101,99,98,100.0,98.0,82.0,109.0,103.0,99.0,,,,,102.0
1995,CHA,96,95,97,100.0,95.0,104.0,94.0,97.0,98.0,,,,,98.0
1995,CHN,101,99,101,101.0,97.0,96.0,106.0,101.0,101.0,,,,,102.0
1995,CIN,100,99,97,98.0,103.0,94.0,99.0,98.0,103.0,,,,,101.0
1995,CLE,101,100,94,101.0,103.0,95.0,97.0,99.0,101.0,,,,,99.0
1995,COL,123,125,129,112.0,111.0,128.0,127.0,96.0,103.0,,,,,111.0
1995,DET,101,101,104,98.0,95.0,100.0,106.0,101.0,102.0,,,,,102.0
1995,FLO,99,99,98,101.0,96.0,109.0,97.0,101.0,102.0,,,,,100.0
1995,HOU,94,93,89,97.0,99.0,99.0,91.0,104.0,95.0,,,,,95.0
1995,KCA,102,100,96,102.0,105.0,125.0,95.0,94.0,98.0,,,,,101.0
1995,LAN,93,90,91,99.0,89.0,76.0,93.0,98.0,96.0,,,,,97.0
1995,MIL,103,105,110,103.0,102.0,105.0,95.0,99.0,103.0,,,,,100.0
1995,MIN,102,102,102,99.0,104.0,103.0,100.0,103.0,101.0,,,,,100.0
1995,MON,101,102,99,99.0,107.0,107.0,95.0,99.0,103.0,,,,,99.0
1995,NYA,97,98,101,100.0,95.0,91.0,99.0,97.0,96.0,,,,,99.0
1995,NYN,97,96,95,101.0,96.0,99.0,97.0,100.0,98.0,,,,,99.0
1995,OAK,97,95,92,100.0,96.0,90.0,98.0,100.0,99.0,,,,,99.0
1995,PHI,100,101,109,99.0,107.0,99.0,99.0,101.0,99.0,,,,,99.0
1995,PIT,102,103,106,99.0,104.0,104.0,102.0,101.0,101.0,,,,,101.0
1995,SDN,97,96,93,98.0,94.0,96.0,105.0,101.0,97.0,,,,,100.0
1995,SEA,100,101,101,97.0,107.0,90.0,101.0,105.0,104.0,,,,,100.0
1995,SFN,97,98,94,98.0,97.0,87.0,99.0,103.0,101.0,,,,,99.0
1995,SLN,98,100,102,99.0,103.0,93.0,95.0,99.0,99.0,,,,,98.0
1995,TEX,103,103,106,103.0,100.0,121.0,100.0,98.0,100.0,,,,,100.0
1995,TOR,100,100,100,98.0,102.0,112.0,103.0,102.0,100.0,,,,,101.0
1996,ATL,101,102,103,101.0,99.0,92.0,104.0,97.0,99.0,,,,,102.0
1996,BAL,99,98,95,100.0,94.0,83.0,103.0,100.0,97.0,,,,,100.0
1996,BOS,102,102,106,103.0,109.0,103.0,97.0,101.0,100.0,,,,,99.0
1996,CAL,100,100,98,99.0,97.0,87.0,106.0,103.0,99.0,,,,,101.0
1996,CHA,97,95,92,99.0,96.0,105.0,94.0,96.0,98.0,,,,,98.0
1996,CHN,101,103,102,101.0,97.0,94.0,105.0,100.0,101.0,,,,,101.0
1996,CIN,100,100,100,97.0,104.0,99.0,98.0,98.0,104.0,,,,,101.0
1996,CLE,101,98,102,101.0,103.0,95.0,97.0,99.0,101.0,,,,,99.0
1996,COL,123,125,132,112.0,111.0,128.0,127.0,96.0,103.0,,,,,111.0
1996,DET,101,101,99,98.0,95.0,98.0,108.0,102.0,103.0,,,,,103.0
1996,FLO,98,96,94,100.0,95.0,111.0,96.0,100.0,101.0,,,,,99.0
1996,HOU,95,92,93,97.0,101.0,97.0,92.0,104.0,97.0,,,,,95.0
1996,KCA,102,100,98,102.0,100.0,124.0,100.0,95.0,99.0,,,,,102.0
1996,LAN,92,91,90,98.0,89.0,75.0,93.0,99.0,95.0,,,,,97.0
1996,MIL,103,103,102,103.0,102.0,102.0,96.0,98.0,103.0,,,,,100.0
1996,MIN,101,103,104,100.0,103.0,105.0,101.0,102.0,101.0,,,,,100.0
1996,MON,100,102,105,100.0,104.0,108.0,94.0,100.0,102.0,,,,,98.0
1996,NYA,98,99,100,100.0,98.0,91.0,98.0,98.0,96.0,,,,,98.0
1996,NYN,97,95,91,100.0,96.0,102.0,96.0,101.0,99.0,,,,,99.0
1996,OAK,97,99,101,100.0,96.0,93.0,97.0,99.0,99.0,,,,,99.0
1996,PHI,101,101,97,99.0,107.0,104.0,100.0,101.0,101.0,,,,,100.0
1996,PIT,102,103,102,99.0,105.0,105.0,102.0,101.0,101.0,,,,,100.0
1996,SDN,94,94,96,97.0,93.0,88.0,102.0,102.0,97.0,,,,,99.0
1996,SEA,100,100,97,97.0,106.0,90.0,102.0,105.0,105.0,,,,,101.0
1996,SFN,97,97,100,98.0,96.0,89.0,100.0,103.0,101.0,,,,,100.0
1996,SLN,99,99,98,100.0,103.0,94.0,98.0,100.0,101.0,,,,,100.0
1996,TEX,103,105,106,103.0,100.0,121.0,100.0,98.0,100.0,,,,,100.0
1996,TOR,99,99,101,98.0,102.0,102.0,100.0,102.0,101.0,,,,,100.0
1997,ANA,99,100,105,99.0,98.0,89.0,105.0,102.0,100.0,,,,,101.0
1997,ATL,99,98,99,101.0,98.0,99.0,97.0,99.0,99.0,,,,,99.0
1997,BAL,98,96,99,101.0,93.0,84.0,102.0,100.0,98.0,,,,,100.0
1997,BOS,102,102,99,103.0,109.0,102.0,96.0,101.0,99.0,,,,,98.0
1997,CHA,97,96,97,99.0,96.0,105.0,94.0,97.0,99.0,,,,,98.0
1997,CHN,103,102,106,102.0,100.0,96.0,106.0,101.0,102.0,,,,,102.0
1997,CIN,100,101,103,97.0,103.0,98.0,100.0,98.0,104.0,,,,,101.0
1997,CLE,101,103,98,102.0,102.0,96.0,98.0,100.0,101.0,,,,,99.0
1997,COL,123,124,115,112.0,111.0,128.0,127.0,96.0,103.0,,,,,111.0
1997,DET,101,100,101,97.0,94.0,100.0,109.0,101.0,103.0,,,,,103.0
1997,FLO,96,96,97,99.0,95.0,110.0,93.0,101.0,101.0,,,,,98.0
1997,HOU,94,95,94,97.0,102.0,101.0,90.0,105.0,97.0,,,,,94.0
1997,KCA,101,103,105,102.0,98.0,121.0,101.0,95.0,99.0,,,,,102.0
1997,LAN,93,91,92,99.0,90.0,76.0,94.0,98.0,96.0,,,,,98.0
1997,MIL,102,101,100,103.0,101.0,99.0,96.0,96.0,102.0,,,,,100.0
1997,MIN,102,102,102,100.0,106.0,107.0,101.0,103.0,101.0,,,,,100.0
1997,MON,100,99,102,99.0,104.0,108.0,94.0,100.0,102.0,,,,,99.0
1997,NYA,97,97,95,100.0,98.0,89.0,97.0,98.0,98.0,,,,,99.0
1997,NYN,96,96,99,100.0,96.0,99.0,95.0,101.0,99.0,,,,,98.0
1997,OAK,98,99,104,100.0,97.0,92.0,97.0,98.0,98.0,,,,,99.0
1997,PHI,102,101,99,99.0,106.0,105.0,101.0,103.0,102.0,,,,,100.0
1997,PIT,102,102,102,98.0,105.0,105.0,102.0,102.0,101.0,,,,,100.0
1997,SDN,94,92,94,99.0,92.0,90.0,99.0,102.0,96.0,,,,,98.0
1997,SEA,100,99,101,97.0,106.0,90.0,102.0,105.0,105.0,,,,,101.0
1997,SFN,96,98,97,98.0,95.0,90.0,99.0,104.0,100.0,,,,,99.0
1997,SLN,99,99,96,100.0,101.0,90.0,100.0,99.0,101.0,,,,,101.0
1997,TEX,104,105,102,103.0,100.0,121.0,103.0,98.0,101.0,,,,,102.0
1997,TOR,100,100,97,98.0,105.0,100.0,98.0,101.0,101.0,,,,,99.0
1998,ANA,100,100,97,100.0,99.0,87.0,105.0,101.0,99.0,,,,,101.0
1998,ARI,102,100,102,102.0,103.0,127.0,101.0,97.0,99.0,,,,,101.0
1998,ATL,99,98,100,101.0,98.0,99.0,97.0,99.0,99.0,,,,,99.0
1998,BAL,97,98,95,100.0,91.0,85.0,101.0,100.0,98.0,,,,,100.0
1998,BOS,102,101,100,103.0,107.0,105.0,95.0,101.0,99.0,,,,,98.0
1998,CHA,98,98,100,99.0,97.0,100.0,98.0,97.0,99.0,,,,,100.0
1998,CHN,101,104,100,101.0,98.0,93.0,103.0,101.0,101.0,,,,,101.0
1998,CIN,102,101,101,97.0,104.0,99.0,102.0,99.0,104.0,,,,,102.0
1998,CLE,102,103,108,102.0,102.0,98.0,100.0,100.0,102.0,,,,,100.0
1998,COL,124,123,127,113.0,111.0,122.0,126.0,96.0,104.0,,,,,111.0
1998,DET,101,101,101,97.0,94.0,100.0,109.0,101.0,103.0,,,,,103.0
1998,FLO,96,96,96,98.0,96.0,108.0,93.0,101.0,102.0,,,,,98.0
1998,HOU,94,96,99,97.0,102.0,101.0,90.0,105.0,97.0,,,,,94.0
1998,KCA,102,104,105,103.0,98.0,124.0,103.0,96.0,99.0,,,,,102.0
1998,LAN,93,93,92,98.0,90.0,78.0,97.0,99.0,96.0,,,,,98.0
1998,MIL,100,100,102,102.0,98.0,98.0,95.0,97.0,101.0,,,,,100.0
1998,MIN,103,102,100,101.0,107.0,109.0,99.0,102.0,101.0,,,,,99.0
1998,MON,100,99,91,99.0,103.0,105.0,98.0,99.0,100.0,,,,,100.0
1998,NYA,98,94,97,99.0,98.0,87.0,99.0,99.0,99.0,,,,,99.0
1998,NYN,96,97,97,99.0,96.0,92.0,94.0,101.0,99.0,,,,,97.0
1998,OAK,99,98,93,100.0,98.0,95.0,98.0,98.0,98.0,,,,,99.0
1998,PHI,101,102,106,99.0,108.0,111.0,98.0,104.0,103.0,,,,,99.0
1998,PIT,101,101,101,97.0,104.0,108.0,102.0,102.0,100.0,,,,,99.0
1998,SDN,94,92,87,99.0,92.0,90.0,98.0,103.0,95.0,,,,,97.0
1998,SEA,100,99,100,97.0,106.0,90.0,102.0,105.0,105.0,,,,,101.0
1998,SFN,96,94,96,97.0,95.0,90.0,99.0,104.0,100.0,,,,,99.0
1998,SLN,99,99,101,99.0,99.0,89.0,102.0,100.0,103.0,,,,,102.0
1998,TBA,101,101,104,100.0,103.0,107.0,101.0,101.0,99.0,,,,,100.0
1998,TEX,104,104,107,102.0,101.0,117.0,104.0,98.0,101.0,,,,,102.0
1998,TOR,100,100,101,98.0,106.0,98.0,98.0,100.0,100.0,,,,,99.0
1999,ANA,102,99,100,101.0,100.0,90.0,104.0,100.0,100.0,,,,,102.0
1999,ARI,102,100,97,102.0,103.0,127.0,101.0,97.0,99.0,,,,,101.0
1999,ATL,99,98,94,101.0,98.0,99.0,97.0,99.0,99.0,,,,,99.0
1999,BAL,97,96,99,100.0,91.0,84.0,101.0,100.0,98.0,,,,,100.0
1999,BOS,101,102,105,103.0,106.0,104.0,94.0,101.0,99.0,,,,,97.0
1999,CHA,100,101,97,99.0,99.0,100.0,102.0,99.0,100.0,,,,,101.0
1999,CHN,100,99,106,101.0,97.0,90.0,102.0,101.0,101.0,,,,,101.0
1999,CIN,101,102,99,98.0,104.0,92.0,103.0,99.0,103.0,,,,,102.0
1999,CLE,102,104,103,103.0,101.0,93.0,103.0,100.0,101.0,,,,,101.0
1999,COL,122,128,128,112.0,109.0,122.0,123.0,96.0,103.0,,,,,110.0
1999,DET,101,101,101,97.0,94.0,100.0,109.0,101.0,103.0,,,,,103.0
1999,FLO,96,95,94,98.0,97.0,111.0,94.0,103.0,102.0,,,,,98.0
1999,HOU,94,96,95,97.0,102.0,101.0,90.0,105.0,97.0,,,,,94.0
1999,KCA,104,103,101,104.0,99.0,120.0,104.0,97.0,99.0,,,,,102.0
1999,LAN,93,94,97,98.0,92.0,80.0,98.0,99.0,97.0,,,,,99.0
1999,MIL,100,99,100,102.0,98.0,98.0,95.0,97.0,101.0,,,,,100.0
1999,MIN,103,104,105,101.0,107.0,110.0,97.0,103.0,100.0,,,,,99.0
1999,MON,100,98,104,99.0,105.0,97.0,99.0,100.0,99.0,,,,,100.0
1999,NYA,97,97,91,98.0,98.0,87.0,101.0,99.0,98.0,,,,,100.0
1999,NYN,96,96,96,99.0,97.0,95.0,94.0,102.0,99.0,,,,,97.0
1999,OAK,98,96,99,99.0,97.0,91.0,98.0,98.0,99.0,,,,,100.0
1999,PHI,101,103,101,98.0,107.0,110.0,98.0,104.0,103.0,,,,,99.0
1999,PIT,101,100,100,97.0,104.0,108.0,102.0,102.0,100.0,,,,,99.0
1999,SDN,93,92,96,97.0,91.0,91.0,96.0,104.0,96.0,,,,,96.0
1999,SEA,96,96,103,98.0,95.0,88.0,96.0,101.0,102.0,,,,,98.0
1999,SFN,96,94,90,97.0,95.0,90.0,99.0,104.0,100.0,,,,,99.0
1999,SLN,99,100,100,99.0,98.0,91.0,102.0,100.0,103.0,,,,,102.0
1999,TBA,101,101,100,100.0,103.0,107.0,101.0,101.0,99.0,,,,,100.0
1999,TEX,103,105,104,102.0,102.0,118.0,103.0,97.0,101.0,,,,,102.0
1999,TOR,101,101,101,98.0,106.0,96.0,97.0,99.0,101.0,,,,,99.0
2000,ANA,100,102,101,101.0,99.0,94.0,100.0,99.0,101.0,,,,,100.0
2000,ARI,102,101,101,102.0,103.0,127.0,101.0,97.0,99.0,,,,,101.0
2000,ATL,99,98,100,100.0,99.0,97.0,98.0,98.0,97.0,,,,,99.0
2000,BAL,96,96,95,100.0,91.0,85.0,101.0,99.0,99.0,,,,,100.0
2000,BOS,101,102,101,103.0,106.0,100.0,94.0,101.0,98.0,,,,,96.0
2000,CHA,101,102,105,100.0,98.0,94.0,105.0,98.0,101.0,,,,,103.0
2000,CHN,98,98,91,99.0,98.0,88.0,101.0,101.0,101.0,,,,,100.0
2000,CIN,102,101,107,99.0,105.0,87.0,105.0,99.0,103.0,,,,,103.0
2000,CLE,103,102,102,102.0,102.0,90.0,105.0,101.0,100.0,,,,,102.0
2000,COL,123,126,130,111.0,109.0,126.0,126.0,97.0,104.0,,,,,111.0
2000,DET,97,97,97,103.0,95.0,125.0,90.0,96.0,99.0,,,,,97.0
2000,FLO,96,95,96,98.0,99.0,115.0,93.0,103.0,102.0,,,,,97.0
2000,HOU,104,105,107,100.0,100.0,119.0,105.0,100.0,98.0,,,,,101.0
2000,KCA,106,104,104,105.0,102.0,116.0,106.0,97.0,100.0,,,,,103.0
2000,LAN,93,93,92,98.0,91.0,80.0,99.0,100.0,98.0,,,,,99.0
2000,MIL,100,99,96,102.0,98.0,98.0,95.0,97.0,101.0,,,,,100.0
2000,MIN,102,104,107,100.0,107.0,116.0,95.0,102.0,102.0,,,,,98.0
2000,MON,100,103,100,99.0,105.0,95.0,100.0,100.0,99.0,,,,,100.0
2000,NYA,98,98,103,98.0,98.0,85.0,101.0,100.0,99.0,,,,,100.0
2000,NYN,96,95,94,99.0,95.0,95.0,95.0,102.0,98.0,,,,,97.0
2000,OAK,98,97,96,98.0,97.0,94.0,99.0,99.0,99.0,,,,,99.0
2000,PHI,100,101,102,97.0,103.0,109.0,98.0,105.0,103.0,,,,,98.0
2000,PIT,101,100,99,97.0,104.0,108.0,102.0,102.0,100.0,,,,,99.0
2000,SDN,93,93,92,99.0,90.0,94.0,93.0,104.0,97.0,,,,,96.0
2000,SEA,96,96,92,98.0,95.0,88.0,96.0,101.0,102.0,,,,,98.0
2000,SFN,96,92,92,100.0,99.0,119.0,89.0,98.0,97.0,,,,,95.0
2000,SLN,99,100,100,99.0,98.0,91.0,102.0,101.0,103.0,,,,,102.0
2000,TBA,101,100,100,100.0,103.0,107.0,101.0,101.0,99.0,,,,,100.0
2000,TEX,104,103,104,102.0,103.0,115.0,105.0,98.0,100.0,,,,,103.0
2000,TOR,102,103,102,98.0,107.0,91.0,99.0,99.0,101.0,,,,,100.0
2001,ANA,99,101,107,101.0,101.0,89.0,99.0,99.0,100.0,,,,,100.0
2001,ARI,104,105,106,101.0,105.0,129.0,101.0,98.0,101.0,,,,,101.0
2001,ATL,98,100,101,100.0,97.0,94.0,98.0,97.0,98.0,,,,,99.0
2001,BAL,96,95,93,101.0,91.0,85.0,101.0,100.0,101.0,,,,,101.0
2001,BOS,102,100,101,103.0,106.0,102.0,94.0,99.0,99.0,,,,,97.0
2001,CHA,101,103,103,99.0,98.0,94.0,108.0,99.0,100.0,,,,,103.0
2001,CHN,98,95,97,99.0,97.0,87.0,100.0,103.0,101.0,,,,,100.0
2001,CIN,102,104,99,99.0,105.0,87.0,105.0,99.0,103.0,,,,,103.0
2001,CLE,100,101,101,101.0,100.0,88.0,103.0,102.0,100.0,,,,,101.0
2001,COL,120,124,121,109.0,110.0,132.0,125.0,97.0,103.0,,,,,110.0
2001,DET,97,97,99,103.0,95.0,125.0,90.0,96.0,99.0,,,,,97.0
2001,FLO,96,96,96,99.0,97.0,119.0,91.0,104.0,102.0,,,,,97.0
2001,HOU,104,105,105,100.0,100.0,119.0,105.0,100.0,98.0,,,,,101.0
2001,KCA,107,109,109,106.0,104.0,110.0,105.0,95.0,101.0,,,,,103.0
2001,LAN,94,92,91,97.0,91.0,80.0,101.0,100.0,98.0,,,,,99.0
2001,MIL,100,100,101,97.0,100.0,99.0,104.0,102.0,101.0,,,,,101.0
2001,MIN,102,102,101,100.0,107.0,116.0,96.0,102.0,101.0,,,,,98.0
2001,MON,105,102,107,99.0,108.0,97.0,105.0,99.0,99.0,,,,,102.0
2001,NYA,98,100,100,98.0,96.0,86.0,102.0,100.0,99.0,,,,,100.0
2001,NYN,96,94,94,99.0,97.0,89.0,95.0,102.0,99.0,,,,,97.0
2001,OAK,98,98,96,98.0,98.0,92.0,100.0,99.0,99.0,,,,,100.0
2001,PHI,98,97,98,96.0,102.0,103.0,97.0,106.0,103.0,,,,,98.0
2001,PIT,100,101,100,102.0,104.0,94.0,95.0,98.0,99.0,,,,,99.0
2001,SDN,93,92,91,100.0,92.0,100.0,93.0,102.0,98.0,,,,,96.0
2001,SEA,96,93,93,98.0,95.0,88.0,96.0,101.0,102.0,,,,,98.0
2001,SFN,96,92,91,100.0,99.0,119.0,89.0,98.0,97.0,,,,,95.0
2001,SLN,98,98,99,99.0,98.0,87.0,99.0,100.0,101.0,,,,,100.0
2001,TBA,100,100,100,100.0,103.0,111.0,97.0,102.0,100.0,,,,,99.0
2001,TEX,105,105,100,102.0,103.0,112.0,106.0,98.0,100.0,,,,,103.0
2001,TOR,102,102,107,99.0,108.0,92.0,101.0,99.0,101.0,,,,,101.0
2002,ANA,99,99,97,102.0,99.0,86.0,99.0,99.0,99.0,100.0,100.0,98.0,98.0,100.0
2002,ARI,105,108,108,101.0,106.0,123.0,105.0,99.0,102.0,101.0,100.0,102.0,96.0,103.0
2002,ATL,99,99,100,100.0,97.0,93.0,99.0,99.0,99.0,98.0,100.0,102.0,96.0,100.0
2002,BAL,97,95,98,100.0,93.0,84.0,102.0,98.0,100.0,100.0,102.0,100.0,102.0,101.0
2002,BOS,102,101,98,103.0,108.0,98.0,95.0,99.0,99.0,101.0,99.0,101.0,99.0,97.0
2002,CHA,103,101,103,100.0,98.0,95.0,112.0,100.0,101.0,99.0,102.0,99.0,101.0,105.0
2002,CHN,98,98,98,99.0,96.0,87.0,102.0,102.0,101.0,99.0,100.0,98.0,100.0,100.0
2002,CIN,102,104,108,99.0,105.0,87.0,105.0,99.0,103.0,99.0,101.0,103.0,106.0,103.0
2002,CLE,99,99,101,100.0,101.0,86.0,98.0,101.0,101.0,101.0,95.0,100.0,99.0,99.0
2002,COL,118,117,120,108.0,110.0,130.0,119.0,97.0,103.0,103.0,100.0,109.0,98.0,108.0
2002,DET,97,96,94,103.0,95.0,125.0,90.0,96.0,99.0,101.0,102.0,102.0,104.0,97.0
2002,FLO,96,96,97,98.0,96.0,115.0,94.0,104.0,102.0,97.0,101.0,97.0,105.0,97.0
2002,HOU,104,104,104,100.0,100.0,119.0,105.0,100.0,98.0,100.0,100.0,99.0,97.0,101.0
2002,KCA,106,113,116,105.0,104.0,109.0,102.0,95.0,101.0,103.0,102.0,102.0,99.0,103.0
2002,LAN,94,92,92,97.0,91.0,81.0,100.0,101.0,98.0,99.0,98.0,96.0,103.0,99.0
2002,MIL,100,100,96,97.0,100.0,99.0,104.0,102.0,101.0,98.0,101.0,99.0,105.0,101.0
2002,MIN,102,100,98,101.0,104.0,113.0,95.0,103.0,100.0,100.0,99.0,99.0,99.0,98.0
2002,MON,103,108,101,99.0,107.0,95.0,104.0,99.0,99.0,102.0,98.0,102.0,97.0,102.0
2002,NYA,99,98,98,99.0,96.0,85.0,103.0,100.0,98.0,98.0,101.0,99.0,101.0,100.0
2002,NYN,96,96,95,100.0,98.0,86.0,94.0,102.0,99.0,101.0,100.0,98.0,101.0,97.0
2002,OAK,98,98,104,97.0,98.0,90.0,102.0,100.0,100.0,99.0,101.0,100.0,101.0,100.0
2002,PHI,98,95,92,96.0,102.0,103.0,97.0,106.0,103.0,99.0,97.0,97.0,97.0,98.0
2002,PIT,100,101,105,102.0,104.0,94.0,95.0,98.0,99.0,101.0,101.0,103.0,100.0,99.0
2002,SDN,93,92,92,100.0,92.0,100.0,93.0,102.0,98.0,104.0,95.0,99.0,99.0,96.0
2002,SEA,94,95,93,96.0,94.0,87.0,95.0,102.0,102.0,97.0,101.0,97.0,101.0,98.0
2002,SFN,96,94,92,100.0,99.0,119.0,89.0,98.0,97.0,102.0,97.0,100.0,95.0,95.0
2002,SLN,98,97,95,99.0,99.0,92.0,96.0,101.0,102.0,99.0,101.0,99.0,101.0,98.0
2002,TBA,99,100,100,100.0,102.0,109.0,98.0,101.0,100.0,100.0,101.0,100.0,103.0,100.0
2002,TEX,106,107,111,102.0,104.0,114.0,107.0,98.0,100.0,101.0,100.0,103.0,99.0,103.0
2002,TOR,103,104,99,99.0,107.0,97.0,103.0,100.0,102.0,101.0,99.0,100.0,101.0,102.0
2003,ANA,98,96,93,101.0,99.0,91.0,97.0,99.0,99.0,100.0,100.0,98.0,98.0,99.0
2003,ARI,105,107,110,100.0,106.0,124.0,106.0,99.0,102.0,101.0,100.0,102.0,96.0,103.0
2003,ATL,100,99,97,100.0,98.0,97.0,99.0,99.0,99.0,98.0,100.0,102.0,96.0,99.0
2003,BAL,97,99,95,100.0,95.0,85.0,101.0,98.0,102.0,100.0,102.0,100.0,102.0,102.0
2003,BOS,102,103,105,100.0,110.0,95.0,97.0,99.0,100.0,101.0,99.0,101.0,99.0,98.0
2003,CHA,102,103,99,99.0,98.0,92.0,113.0,100.0,101.0,99.0,102.0,99.0,101.0,105.0
2003,CHN,100,101,99,98.0,98.0,91.0,104.0,102.0,101.0,99.0,100.0,98.0,100.0,101.0
2003,CIN,101,99,100,98.0,100.0,78.0,109.0,100.0,99.0,98.0,102.0,100.0,103.0,103.0
2003,CLE,98,98,93,99.0,101.0,80.0,96.0,102.0,101.0,101.0,95.0,100.0,99.0,98.0
2003,COL,115,117,111,108.0,109.0,130.0,114.0,97.0,103.0,103.0,100.0,109.0,98.0,107.0
2003,DET,97,95,95,103.0,93.0,131.0,93.0,97.0,100.0,101.0,102.0,102.0,104.0,99.0
2003,FLO,96,95,94,98.0,96.0,114.0,93.0,105.0,103.0,97.0,101.0,97.0,105.0,97.0
2003,HOU,102,103,104,101.0,97.0,111.0,104.0,100.0,98.0,100.0,100.0,99.0,97.0,101.0
2003,KCA,105,108,113,104.0,104.0,105.0,100.0,95.0,101.0,103.0,102.0,102.0,99.0,102.0
2003,LAN,94,94,94,97.0,93.0,79.0,101.0,101.0,99.0,99.0,98.0,96.0,103.0,99.0
2003,MIL,100,100,102,97.0,100.0,99.0,104.0,102.0,101.0,98.0,101.0,99.0,105.0,101.0
2003,MIN,101,101,102,100.0,102.0,106.0,95.0,103.0,99.0,100.0,99.0,99.0,99.0,97.0
2003,MON,103,104,118,99.0,107.0,95.0,104.0,99.0,99.0,102.0,98.0,102.0,97.0,102.0
2003,NYA,99,97,96,100.0,95.0,88.0,103.0,100.0,97.0,98.0,101.0,99.0,101.0,100.0
2003,NYN,97,97,99,101.0,98.0,88.0,95.0,101.0,100.0,101.0,100.0,98.0,101.0,98.0
2003,OAK,99,99,94,98.0,100.0,89.0,101.0,99.0,100.0,99.0,101.0,100.0,101.0,101.0
2003,PHI,98,95,95,96.0,102.0,103.0,97.0,106.0,103.0,99.0,97.0,97.0,97.0,98.0
2003,PIT,100,100,99,102.0,104.0,94.0,95.0,98.0,99.0,101.0,101.0,103.0,100.0,99.0
2003,SDN,93,92,92,100.0,92.0,100.0,93.0,102.0,98.0,104.0,95.0,99.0,99.0,96.0
2003,SEA,95,94,97,98.0,95.0,88.0,96.0,102.0,101.0,97.0,101.0,97.0,101.0,98.0
2003,SFN,97,98,99,101.0,99.0,124.0,89.0,98.0,98.0,102.0,97.0,100.0,95.0,96.0
2003,SLN,98,96,96,100.0,100.0,90.0,96.0,100.0,100.0,99.0,101.0,99.0,101.0,98.0
2003,TBA,99,99,100,101.0,100.0,110.0,96.0,102.0,100.0,100.0,101.0,100.0,103.0,99.0
2003,TEX,106,110,110,102.0,103.0,122.0,107.0,98.0,99.0,101.0,100.0,103.0,99.0,103.0
2003,TOR,103,103,105,100.0,106.0,99.0,105.0,100.0,101.0,101.0,99.0,100.0,101.0,102.0
2004,ANA,97,96,99,101.0,98.0,92.0,94.0,100.0,99.0,100.0,100.0,98.0,98.0,98.0
2004,ARI,106,106,103,101.0,106.0,127.0,106.0,99.0,104.0,101.0,100.0,102.0,96.0,103.0
2004,ATL,99,100,100,100.0,99.0,97.0,98.0,100.0,99.0,98.0,100.0,102.0,96.0,99.0
2004,BAL,98,98,104,101.0,95.0,83.0,103.0,97.0,101.0,100.0,102.0,100.0,102.0,103.0
2004,BOS,102,104,106,100.0,111.0,94.0,94.0,99.0,100.0,101.0,99.0,101.0,99.0,97.0
2004,CHA,102,103,106,99.0,97.0,91.0,113.0,100.0,101.0,99.0,102.0,99.0,101.0,105.0
2004,CHN,101,102,106,98.0,100.0,99.0,107.0,102.0,100.0,99.0,100.0,98.0,100.0,102.0
2004,CIN,101,99,93,98.0,100.0,78.0,109.0,100.0,99.0,98.0,102.0,100.0,103.0,103.0
2004,CLE,97,95,98,98.0,101.0,82.0,93.0,101.0,101.0,101.0,95.0,100.0,99.0,97.0
2004,COL,112,114,119,108.0,107.0,126.0,112.0,97.0,102.0,103.0,100.0,109.0,98.0,106.0
2004,DET,97,96,96,103.0,93.0,123.0,94.0,98.0,99.0,101.0,102.0,102.0,104.0,99.0
2004,FLO,96,95,95,98.0,96.0,113.0,93.0,104.0,104.0,97.0,101.0,97.0,105.0,97.0
2004,HOU,101,101,100,101.0,97.0,109.0,105.0,99.0,98.0,100.0,100.0,99.0,97.0,101.0
2004,KCA,105,102,96,103.0,105.0,104.0,99.0,95.0,102.0,103.0,102.0,102.0,99.0,102.0
2004,LAN,96,95,96,98.0,94.0,77.0,104.0,101.0,99.0,99.0,98.0,96.0,103.0,100.0
2004,MIL,100,101,102,96.0,101.0,104.0,103.0,102.0,102.0,98.0,101.0,99.0,105.0,101.0
2004,MIN,100,102,102,100.0,101.0,109.0,95.0,103.0,98.0,100.0,99.0,99.0,99.0,97.0
2004,MON,103,104,95,99.0,107.0,95.0,104.0,99.0,99.0,102.0,98.0,102.0,97.0,102.0
2004,NYA,98,98,96,100.0,95.0,87.0,101.0,100.0,96.0,98.0,101.0,99.0,101.0,99.0
2004,NYN,97,99,99,101.0,99.0,87.0,95.0,100.0,100.0,101.0,100.0,98.0,101.0,98.0
2004,OAK,99,99,101,99.0,101.0,91.0,100.0,98.0,99.0,99.0,101.0,100.0,101.0,100.0
2004,PHI,102,104,101,100.0,99.0,97.0,109.0,99.0,98.0,101.0,98.0,103.0,98.0,103.0
2004,PIT,100,99,96,103.0,105.0,97.0,95.0,98.0,99.0,101.0,101.0,103.0,100.0,99.0
2004,SDN,92,92,92,97.0,91.0,107.0,90.0,103.0,99.0,98.0,99.0,96.0,98.0,96.0
2004,SEA,96,96,92,97.0,95.0,93.0,96.0,103.0,103.0,97.0,101.0,97.0,101.0,98.0
2004,SFN,99,100,103,101.0,100.0,118.0,90.0,98.0,98.0,102.0,97.0,100.0,95.0,96.0
2004,SLN,98,98,97,100.0,100.0,90.0,96.0,100.0,100.0,99.0,101.0,99.0,101.0,98.0
2004,TBA,99,98,96,100.0,98.0,109.0,98.0,102.0,102.0,100.0,101.0,100.0,103.0,100.0
2004,TEX,107,108,110,101.0,104.0,114.0,108.0,99.0,100.0,101.0,100.0,103.0,99.0,103.0
2004,TOR,103,104,106,99.0,105.0,104.0,107.0,101.0,100.0,101.0,99.0,100.0,101.0,102.0
2005,ANA,98,97,96,102.0,100.0,90.0,95.0,100.0,99.0,100.0,101.0,98.0,97.0,98.0
2005,ARI,105,105,104,100.0,105.0,128.0,108.0,98.0,102.0,101.0,101.0,102.0,97.0,103.0
2005,ATL,99,100,104,100.0,96.0,96.0,98.0,101.0,101.0,98.0,99.0,102.0,97.0,99.0
2005,BAL,99,99,94,101.0,97.0,89.0,103.0,97.0,101.0,101.0,102.0,100.0,103.0,103.0
2005,BOS,104,103,101,101.0,113.0,97.0,95.0,98.0,100.0,101.0,99.0,102.0,99.0,98.0
2005,CHA,103,104,102,99.0,98.0,89.0,113.0,100.0,101.0,100.0,102.0,99.0,103.0,105.0
2005,CHN,103,103,101,100.0,103.0,102.0,106.0,102.0,101.0,100.0,101.0,99.0,100.0,102.0
2005,CIN,101,101,106,98.0,100.0,78.0,109.0,100.0,99.0,98.0,102.0,100.0,103.0,103.0
2005,CLE,98,97,94,99.0,100.0,84.0,94.0,101.0,102.0,101.0,95.0,100.0,96.0,97.0
2005,COL,110,113,113,107.0,107.0,124.0,109.0,96.0,102.0,103.0,100.0,109.0,99.0,105.0
2005,DET,98,98,98,102.0,95.0,120.0,97.0,98.0,100.0,101.0,101.0,102.0,104.0,100.0
2005,FLO,97,95,95,99.0,97.0,113.0,95.0,105.0,104.0,98.0,101.0,97.0,104.0,98.0
2005,HOU,100,100,98,99.0,96.0,115.0,105.0,101.0,98.0,100.0,100.0,98.0,99.0,101.0
2005,KCA,103,100,99,102.0,106.0,104.0,95.0,96.0,102.0,101.0,101.0,103.0,98.0,100.0
2005,LAN,98,98,96,99.0,96.0,78.0,104.0,102.0,100.0,99.0,99.0,96.0,101.0,100.0
2005,MIL,101,101,100,96.0,100.0,98.0,104.0,102.0,103.0,98.0,101.0,98.0,106.0,101.0
2005,MIN,99,100,101,100.0,99.0,104.0,95.0,103.0,97.0,99.0,99.0,99.0,98.0,97.0
2005,NYA,99,98,102,101.0,95.0,85.0,102.0,100.0,97.0,99.0,101.0,99.0,99.0,100.0
2005,NYN,98,97,99,101.0,100.0,88.0,94.0,100.0,100.0,101.0,100.0,99.0,102.0,98.0
2005,OAK,97,100,103,98.0,99.0,94.0,97.0,96.0,99.0,100.0,101.0,100.0,102.0,100.0
2005,PHI,102,104,107,100.0,99.0,97.0,109.0,99.0,98.0,101.0,98.0,103.0,98.0,103.0
2005,PIT,99,99,101,102.0,105.0,95.0,94.0,98.0,98.0,101.0,100.0,104.0,97.0,98.0
2005,SDN,92,92,90,97.0,91.0,107.0,90.0,103.0,99.0,98.0,99.0,96.0,98.0,96.0
2005,SEA,96,95,99,97.0,96.0,87.0,98.0,104.0,102.0,97.0,101.0,96.0,103.0,99.0
2005,SFN,100,100,98,103.0,101.0,114.0,92.0,98.0,98.0,103.0,97.0,101.0,94.0,97.0
2005,SLN,98,98,102,100.0,100.0,90.0,96.0,100.0,100.0,99.0,101.0,99.0,101.0,98.0
2005,TBA,98,99,99,99.0,97.0,106.0,99.0,101.0,101.0,100.0,101.0,99.0,103.0,100.0
2005,TEX,105,106,104,101.0,103.0,118.0,105.0,100.0,99.0,101.0,100.0,103.0,100.0,102.0
2005,TOR,102,104,102,98.0,104.0,107.0,108.0,102.0,99.0,100.0,99.0,100.0,99.0,102.0
2005,WAS,96,95,94,98.0,98.0,102.0,91.0,100.0,97.0,98.0,102.0,97.0,107.0,97.0
2006,ANA,99,99,96,102.0,100.0,90.0,97.0,99.0,98.0,101.0,102.0,98.0,96.0,99.0
2006,ARI,105,105,107,101.0,105.0,126.0,107.0,98.0,101.0,102.0,101.0,101.0,96.0,103.0
2006,ATL,100,99,97,101.0,98.0,98.0,99.0,101.0,101.0,99.0,100.0,102.0,99.0,99.0
2006,BAL,101,99,99,102.0,97.0,89.0,106.0,97.0,100.0,101.0,102.0,100.0,101.0,103.0
2006,BOS,103,103,101,100.0,116.0,94.0,94.0,99.0,100.0,101.0,99.0,101.0,98.0,98.0
2006,CHA,104,103,103,100.0,97.0,85.0,114.0,100.0,102.0,100.0,101.0,100.0,102.0,105.0
2006,CHN,104,104,103,100.0,103.0,99.0,108.0,101.0,99.0,100.0,100.0,99.0,98.0,102.0
2006,CIN,102,106,107,98.0,100.0,85.0,109.0,100.0,99.0,99.0,102.0,98.0,102.0,103.0
2006,CLE,99,99,97,100.0,100.0,85.0,94.0,100.0,104.0,101.0,96.0,101.0,100.0,98.0
2006,COL,109,109,107,107.0,106.0,117.0,108.0,96.0,101.0,103.0,99.0,110.0,100.0,104.0
2006,DET,100,100,99,102.0,96.0,119.0,99.0,98.0,99.0,101.0,101.0,102.0,104.0,100.0
2006,FLO,98,98,95,98.0,99.0,111.0,96.0,105.0,104.0,97.0,100.0,98.0,103.0,98.0
2006,HOU,99,98,102,99.0,98.0,106.0,105.0,101.0,99.0,100.0,100.0,99.0,98.0,101.0
2006,KCA,100,102,107,101.0,105.0,103.0,92.0,97.0,101.0,101.0,100.0,101.0,95.0,99.0
2006,LAN,98,100,102,99.0,96.0,79.0,101.0,102.0,100.0,99.0,99.0,97.0,99.0,99.0
2006,MIL,100,100,100,97.0,99.0,100.0,101.0,103.0,104.0,98.0,100.0,98.0,105.0,100.0
2006,MIN,98,98,98,99.0,98.0,100.0,95.0,102.0,96.0,99.0,99.0,100.0,96.0,97.0
2006,NYA,100,100,95,100.0,97.0,88.0,103.0,101.0,98.0,99.0,101.0,99.0,99.0,100.0
2006,NYN,97,97,95,99.0,98.0,87.0,96.0,100.0,100.0,101.0,100.0,96.0,102.0,99.0
2006,OAK,98,97,96,98.0,99.0,93.0,97.0,97.0,100.0,100.0,102.0,100.0,103.0,100.0
2006,PHI,102,104,103,100.0,99.0,97.0,109.0,99.0,98.0,101.0,98.0,103.0,98.0,103.0
2006,PIT,98,100,100,102.0,105.0,96.0,93.0,98.0,98.0,101.0,100.0,106.0,97.0,98.0
2006,SDN,92,91,93,97.0,91.0,107.0,90.0,103.0,99.0,98.0,99.0,96.0,98.0,96.0
2006,SEA,96,97,94,98.0,98.0,86.0,97.0,105.0,102.0,98.0,101.0,96.0,104.0,98.0
2006,SFN,101,99,100,101.0,102.0,115.0,93.0,98.0,99.0,103.0,97.0,101.0,96.0,98.0
2006,SLN,97,97,98,101.0,97.0,95.0,92.0,98.0,101.0,100.0,100.0,101.0,105.0,98.0
2006,TBA,98,99,102,99.0,95.0,108.0,99.0,100.0,101.0,99.0,100.0,98.0,104.0,100.0
2006,TEX,104,102,104,101.0,102.0,124.0,105.0,100.0,100.0,100.0,100.0,103.0,100.0,102.0
2006,TOR,101,101,103,98.0,102.0,117.0,106.0,103.0,100.0,100.0,98.0,101.0,100.0,101.0
2006,WAS,96,95,97,98.0,98.0,102.0,91.0,100.0,97.0,98.0,102.0,97.0,107.0,97.0
2007,ANA,100,100,104,101.0,101.0,91.0,98.0,98.0,98.0,100.0,102.0,98.0,96.0,99.0
2007,ARI,106,106,105,101.0,106.0,128.0,105.0,97.0,101.0,102.0,100.0,101.0,97.0,103.0
2007,ATL,99,99,96,101.0,98.0,101.0,97.0,101.0,102.0,99.0,100.0,104.0,99.0,99.0
2007,BAL,100,102,105,103.0,97.0,91.0,107.0,98.0,100.0,102.0,102.0,100.0,99.0,103.0
2007,BOS,103,104,108,99.0,116.0,99.0,94.0,98.0,99.0,101.0,99.0,101.0,100.0,97.0
2007,CHA,103,104,104,99.0,97.0,85.0,112.0,101.0,103.0,99.0,100.0,100.0,101.0,105.0
2007,CHN,104,105,108,100.0,103.0,99.0,105.0,101.0,99.0,100.0,100.0,99.0,98.0,101.0
2007,CIN,104,105,104,99.0,102.0,90.0,111.0,101.0,101.0,99.0,102.0,99.0,99.0,104.0
2007,CLE,98,101,106,100.0,99.0,82.0,94.0,100.0,102.0,101.0,97.0,101.0,102.0,98.0
2007,COL,108,107,107,106.0,106.0,118.0,107.0,96.0,100.0,104.0,98.0,109.0,96.0,104.0
2007,DET,101,102,102,101.0,98.0,114.0,100.0,98.0,100.0,100.0,102.0,100.0,105.0,101.0
2007,FLO,99,99,103,99.0,100.0,106.0,97.0,105.0,104.0,98.0,100.0,99.0,102.0,99.0
2007,HOU,99,99,95,100.0,98.0,102.0,105.0,102.0,99.0,100.0,100.0,100.0,99.0,101.0
2007,KCA,102,102,102,102.0,108.0,104.0,93.0,96.0,102.0,102.0,100.0,102.0,95.0,99.0
2007,LAN,97,99,102,99.0,98.0,79.0,100.0,102.0,99.0,99.0,99.0,97.0,98.0,99.0
2007,MIL,99,99,101,96.0,99.0,99.0,101.0,103.0,103.0,98.0,100.0,97.0,104.0,100.0
2007,MIN,98,96,94,99.0,99.0,104.0,96.0,101.0,96.0,99.0,99.0,100.0,97.0,97.0
2007,NYA,100,100,103,100.0,97.0,88.0,103.0,101.0,98.0,99.0,101.0,99.0,99.0,100.0
2007,NYN,97,96,96,99.0,98.0,87.0,96.0,100.0,100.0,101.0,100.0,96.0,102.0,99.0
2007,OAK,97,95,92,98.0,98.0,96.0,95.0,97.0,99.0,100.0,101.0,100.0,103.0,99.0
2007,PHI,103,102,102,101.0,100.0,94.0,107.0,99.0,98.0,101.0,98.0,103.0,98.0,102.0
2007,PIT,99,98,97,103.0,104.0,95.0,94.0,98.0,98.0,101.0,100.0,106.0,98.0,99.0
2007,SDN,91,91,88,97.0,90.0,101.0,90.0,104.0,100.0,98.0,99.0,97.0,100.0,96.0
2007,SEA,97,96,97,100.0,97.0,89.0,96.0,104.0,102.0,99.0,101.0,96.0,104.0,98.0
2007,SFN,100,100,99,101.0,101.0,110.0,94.0,98.0,98.0,102.0,98.0,100.0,97.0,98.0
2007,SLN,97,97,97,101.0,97.0,95.0,92.0,98.0,101.0,100.0,100.0,101.0,105.0,98.0
2007,TBA,99,98,95,99.0,96.0,111.0,98.0,101.0,100.0,99.0,100.0,99.0,105.0,99.0
2007,TEX,103,103,99,101.0,102.0,122.0,106.0,100.0,100.0,100.0,100.0,102.0,97.0,102.0
2007,TOR,100,100,97,97.0,102.0,116.0,105.0,103.0,99.0,100.0,98.0,100.0,98.0,101.0
2007,WAS,96,95,94,98.0,98.0,102.0,91.0,100.0,97.0,98.0,102.0,97.0,107.0,97.0
2008,ANA,99,102,101,102.0,99.0,86.0,97.0,99.0,98.0,99.0,102.0,101.0,95.0,99.0
2008,ARI,105,107,106,101.0,106.0,132.0,105.0,98.0,100.0,102.0,99.0,101.0,97.0,102.0
2008,ATL,98,98,103,101.0,96.0,98.0,98.0,102.0,101.0,99.0,99.0,104.0,98.0,99.0
2008,BAL,102,103,102,104.0,98.0,91.0,110.0,98.0,98.0,102.0,101.0,101.0,97.0,104.0
2008,BOS,104,105,104,100.0,115.0,96.0,94.0,98.0,99.0,101.0,100.0,102.0,100.0,97.0
2008,CHA,104,104,106,99.0,99.0,84.0,113.0,101.0,104.0,99.0,101.0,99.0,102.0,105.0
2008,CHN,105,106,103,101.0,103.0,100.0,106.0,101.0,100.0,100.0,101.0,99.0,97.0,102.0
2008,CIN,103,102,103,99.0,100.0,94.0,110.0,101.0,101.0,99.0,102.0,97.0,101.0,103.0
2008,CLE,99,99,100,100.0,100.0,89.0,94.0,101.0,102.0,101.0,97.0,102.0,100.0,98.0
2008,COL,108,108,106,105.0,107.0,120.0,110.0,96.0,99.0,103.0,99.0,108.0,95.0,104.0
2008,DET,101,102,104,101.0,98.0,108.0,100.0,97.0,99.0,101.0,102.0,99.0,107.0,101.0
2008,FLO,101,102,98,100.0,102.0,104.0,97.0,106.0,105.0,98.0,100.0,100.0,103.0,99.0
2008,HOU,98,98,102,99.0,99.0,106.0,104.0,102.0,99.0,100.0,100.0,99.0,99.0,101.0
2008,KCA,102,101,97,103.0,107.0,112.0,94.0,97.0,101.0,102.0,100.0,102.0,92.0,99.0
2008,LAN,98,96,92,100.0,98.0,78.0,100.0,102.0,99.0,99.0,100.0,98.0,102.0,99.0
2008,MIL,99,97,97,97.0,100.0,96.0,102.0,103.0,103.0,98.0,102.0,97.0,106.0,100.0
2008,MIN,98,97,95,99.0,99.0,104.0,96.0,101.0,96.0,99.0,99.0,100.0,97.0,97.0
2008,NYA,100,100,102,100.0,97.0,88.0,103.0,101.0,98.0,99.0,101.0,99.0,99.0,100.0
2008,NYN,97,96,97,99.0,98.0,87.0,96.0,100.0,100.0,101.0,100.0,96.0,102.0,99.0
2008,OAK,97,96,96,98.0,97.0,100.0,93.0,98.0,99.0,99.0,101.0,98.0,102.0,98.0
2008,PHI,101,101,101,100.0,99.0,91.0,106.0,100.0,99.0,101.0,97.0,101.0,98.0,101.0
2008,PIT,99,98,95,102.0,104.0,94.0,94.0,97.0,98.0,102.0,100.0,105.0,98.0,99.0
2008,SDN,92,89,90,96.0,89.0,100.0,91.0,104.0,102.0,98.0,99.0,96.0,99.0,97.0
2008,SEA,96,97,97,99.0,97.0,90.0,94.0,103.0,102.0,98.0,100.0,95.0,105.0,98.0
2008,SFN,100,101,102,101.0,102.0,108.0,94.0,98.0,98.0,102.0,97.0,102.0,96.0,98.0
2008,SLN,97,97,97,101.0,97.0,95.0,92.0,98.0,101.0,100.0,100.0,101.0,105.0,98.0
2008,TBA,97,97,98,98.0,96.0,112.0,99.0,100.0,100.0,98.0,100.0,99.0,107.0,99.0
2008,TEX,103,103,107,101.0,102.0,114.0,105.0,100.0,101.0,100.0,99.0,103.0,100.0,102.0
2008,TOR,100,97,98,96.0,100.0,116.0,106.0,103.0,99.0,100.0,99.0,100.0,97.0,101.0
2008,WAS,100,100,102,101.0,101.0,99.0,100.0,97.0,97.0,102.0,100.0,102.0,99.0,101.0
2009,ANA,99,99,101,101.0,98.0,85.0,97.0,99.0,98.0,100.0,101.0,100.0,96.0,99.0
2009,ARI,105,106,109,101.0,107.0,130.0,103.0,98.0,99.0,101.0,100.0,101.0,97.0,102.0
2009,ATL,99,99,95,101.0,96.0,98.0,98.0,102.0,102.0,99.0,100.0,103.0,96.0,100.0
2009,BAL,102,103,102,103.0,100.0,93.0,109.0,99.0,99.0,102.0,101.0,100.0,97.0,104.0
2009,BOS,105,104,103,101.0,115.0,98.0,95.0,98.0,99.0,101.0,101.0,102.0,101.0,98.0
2009,CHA,103,105,103,98.0,98.0,84.0,112.0,102.0,105.0,98.0,102.0,99.0,102.0,104.0
2009,CHN,104,106,107,102.0,101.0,99.0,104.0,101.0,101.0,100.0,101.0,99.0,97.0,101.0
2009,CIN,102,101,99,99.0,99.0,97.0,110.0,101.0,100.0,99.0,102.0,97.0,103.0,103.0
2009,CLE,99,96,92,101.0,100.0,87.0,96.0,101.0,101.0,101.0,98.0,102.0,100.0,99.0
2009,COL,110,111,111,104.0,109.0,120.0,112.0,96.0,99.0,102.0,100.0,107.0,95.0,105.0
2009,DET,102,101,101,101.0,99.0,114.0,102.0,97.0,98.0,100.0,102.0,98.0,103.0,101.0
2009,FLO,101,102,106,100.0,102.0,102.0,97.0,106.0,105.0,99.0,99.0,99.0,104.0,98.0
2009,HOU,98,97,97,99.0,100.0,103.0,104.0,103.0,100.0,100.0,101.0,98.0,100.0,101.0
2009,KCA,101,101,105,102.0,105.0,114.0,92.0,97.0,100.0,103.0,100.0,101.0,93.0,99.0
2009,LAN,97,94,93,100.0,97.0,78.0,98.0,101.0,98.0,100.0,100.0,97.0,104.0,98.0
2009,MIL,99,97,95,98.0,100.0,96.0,103.0,102.0,103.0,99.0,101.0,99.0,102.0,101.0
2009,MIN,98,97,104,99.0,99.0,104.0,96.0,101.0,96.0,99.0,99.0,100.0,97.0,97.0
2009,NYA,103,104,98,100.0,97.0,85.0,110.0,100.0,101.0,100.0,100.0,98.0,100.0,104.0
2009,NYN,97,96,97,99.0,97.0,109.0,93.0,101.0,101.0,99.0,102.0,97.0,108.0,98.0
2009,OAK,97,98,99,98.0,96.0,100.0,93.0,99.0,100.0,99.0,100.0,100.0,101.0,98.0
2009,PHI,101,101,101,100.0,99.0,93.0,104.0,100.0,99.0,100.0,99.0,102.0,100.0,101.0
2009,PIT,99,99,101,101.0,102.0,92.0,94.0,96.0,97.0,102.0,99.0,104.0,96.0,99.0
2009,SDN,91,91,88,96.0,90.0,103.0,90.0,103.0,102.0,99.0,98.0,97.0,97.0,96.0
2009,SEA,96,95,98,99.0,96.0,87.0,96.0,104.0,102.0,98.0,100.0,96.0,105.0,98.0
2009,SFN,98,101,102,101.0,102.0,108.0,93.0,99.0,97.0,102.0,96.0,103.0,98.0,97.0
2009,SLN,97,97,96,101.0,96.0,93.0,91.0,98.0,100.0,100.0,100.0,101.0,102.0,97.0
2009,TBA,95,96,100,98.0,95.0,105.0,97.0,100.0,99.0,98.0,100.0,98.0,110.0,98.0
2009,TEX,105,105,104,102.0,102.0,124.0,109.0,99.0,100.0,100.0,100.0,104.0,100.0,103.0
2009,TOR,100,99,97,97.0,103.0,115.0,105.0,103.0,100.0,99.0,99.0,101.0,97.0,101.0
2009,WAS,100,100,100,101.0,101.0,99.0,100.0,97.0,97.0,102.0,100.0,102.0,99.0,101.0
2010,ANA,96,96,94,100.0,96.0,87.0,96.0,99.0,96.0,99.0,100.0,100.0,96.0,98.0
2010,ARI,106,106,102,101.0,108.0,121.0,104.0,99.0,98.0,101.0,99.0,100.0,96.0,101.0
2010,ATL,100,98,100,101.0,99.0,99.0,97.0,102.0,102.0,100.0,100.0,103.0,95.0,99.0
2010,BAL,103,102,105,102.0,101.0,89.0,110.0,99.0,99.0,101.0,100.0,100.0,97.0,104.0
2010,BOS,105,105,104,101.0,116.0,100.0,97.0,99.0,100.0,101.0,100.0,103.0,103.0,99.0
2010,CHA,105,103,106,98.0,99.0,89.0,113.0,102.0,107.0,98.0,102.0,99.0,101.0,105.0
2010,CHN,103,104,108,101.0,100.0,99.0,102.0,100.0,101.0,100.0,101.0,98.0,100.0,101.0
2010,CIN,102,101,100,99.0,97.0,100.0,111.0,101.0,100.0,99.0,101.0,98.0,102.0,103.0
2010,CLE,97,96,98,100.0,101.0,83.0,94.0,101.0,100.0,101.0,98.0,103.0,102.0,98.0
2010,COL,113,115,117,106.0,108.0,123.0,114.0,96.0,100.0,104.0,99.0,108.0,94.0,106.0
2010,DET,102,101,99,102.0,99.0,113.0,101.0,97.0,97.0,101.0,103.0,96.0,104.0,101.0
2010,FLO,101,102,102,100.0,102.0,102.0,97.0,106.0,105.0,99.0,99.0,99.0,104.0,98.0
2010,HOU,99,98,94,99.0,100.0,100.0,104.0,102.0,101.0,100.0,100.0,98.0,99.0,101.0
2010,KCA,101,102,100,103.0,103.0,115.0,93.0,97.0,100.0,103.0,100.0,100.0,92.0,99.0
2010,LAN,95,96,97,99.0,96.0,77.0,98.0,101.0,97.0,99.0,100.0,97.0,105.0,98.0
2010,MIL,100,99,100,98.0,100.0,104.0,106.0,103.0,102.0,98.0,102.0,99.0,101.0,102.0
2010,MIN,101,99,98,102.0,102.0,110.0,94.0,98.0,100.0,101.0,99.0,103.0,101.0,99.0
2010,NYA,103,104,108,100.0,97.0,85.0,110.0,100.0,101.0,100.0,100.0,98.0,100.0,104.0
2010,NYN,97,96,95,99.0,97.0,109.0,93.0,101.0,101.0,99.0,102.0,97.0,108.0,98.0
2010,OAK,97,98,98,98.0,96.0,98.0,94.0,99.0,100.0,98.0,101.0,101.0,103.0,98.0
2010,PHI,100,100,99,99.0,100.0,92.0,102.0,101.0,100.0,99.0,99.0,101.0,100.0,100.0
2010,PIT,97,100,101,100.0,101.0,93.0,92.0,95.0,97.0,102.0,100.0,102.0,97.0,98.0
2010,SDN,92,91,94,97.0,93.0,105.0,89.0,103.0,103.0,100.0,98.0,97.0,97.0,97.0
2010,SEA,94,94,91,99.0,94.0,88.0,92.0,103.0,102.0,98.0,99.0,98.0,104.0,97.0
2010,SFN,96,96,97,99.0,100.0,102.0,91.0,99.0,98.0,101.0,96.0,100.0,99.0,97.0
2010,SLN,97,96,97,100.0,97.0,92.0,92.0,99.0,100.0,100.0,99.0,101.0,100.0,98.0
2010,TBA,95,94,91,98.0,95.0,107.0,95.0,100.0,99.0,97.0,100.0,99.0,110.0,97.0
2010,TEX,107,109,104,102.0,104.0,118.0,110.0,99.0,101.0,100.0,101.0,103.0,99.0,104.0
2010,TOR,101,102,103,98.0,103.0,117.0,104.0,102.0,99.0,100.0,100.0,100.0,98.0,101.0
2010,WAS,100,99,98,101.0,101.0,99.0,100.0,97.0,97.0,102.0,100.0,102.0,99.0,101.0
2011,ANA,96,92,92,100.0,95.0,88.0,95.0,100.0,97.0,99.0,100.0,99.0,97.0,98.0
2011,ARI,104,106,107,100.0,106.0,121.0,103.0,99.0,98.0,100.0,99.0,99.0,98.0,101.0
2011,ATL,99,100,98,100.0,99.0,98.0,97.0,102.0,100.0,99.0,99.0,103.0,96.0,98.0
2011,BAL,103,104,100,102.0,100.0,90.0,110.0,99.0,100.0,101.0,100.0,100.0,98.0,104.0
2011,BOS,104,107,108,101.0,113.0,102.0,97.0,99.0,98.0,101.0,100.0,104.0,102.0,98.0
2011,CHA,104,106,100,98.0,98.0,87.0,112.0,102.0,107.0,97.0,102.0,98.0,102.0,105.0
2011,CHN,104,102,97,102.0,101.0,102.0,102.0,100.0,102.0,100.0,101.0,100.0,100.0,101.0
2011,CIN,101,103,104,99.0,98.0,98.0,112.0,102.0,100.0,99.0,100.0,99.0,102.0,103.0
2011,CLE,96,97,98,99.0,101.0,83.0,97.0,101.0,98.0,101.0,98.0,101.0,97.0,98.0
2011,COL,115,120,116,107.0,109.0,125.0,113.0,96.0,101.0,105.0,99.0,108.0,94.0,107.0
2011,DET,102,102,103,101.0,100.0,117.0,99.0,96.0,99.0,101.0,104.0,97.0,105.0,100.0
2011,FLO,101,102,98,100.0,102.0,102.0,97.0,106.0,105.0,99.0,99.0,99.0,104.0,98.0
2011,HOU,99,98,105,99.0,99.0,104.0,104.0,103.0,101.0,100.0,101.0,99.0,100.0,101.0
2011,KCA,102,100,100,103.0,102.0,121.0,94.0,97.0,100.0,103.0,101.0,100.0,94.0,99.0
2011,LAN,95,96,97,100.0,97.0,78.0,99.0,100.0,97.0,100.0,100.0,98.0,107.0,99.0
2011,MIL,101,103,102,98.0,101.0,102.0,110.0,102.0,102.0,98.0,103.0,100.0,100.0,103.0
2011,MIN,101,99,97,102.0,102.0,110.0,94.0,98.0,100.0,101.0,99.0,103.0,101.0,99.0
2011,NYA,103,105,106,100.0,97.0,85.0,110.0,100.0,101.0,100.0,100.0,98.0,100.0,104.0
2011,NYN,97,96,96,99.0,97.0,109.0,93.0,101.0,101.0,99.0,102.0,97.0,108.0,98.0
2011,OAK,97,97,98,98.0,97.0,106.0,92.0,99.0,101.0,99.0,101.0,100.0,105.0,98.0
2011,PHI,101,99,100,98.0,101.0,94.0,105.0,101.0,101.0,99.0,100.0,98.0,98.0,101.0
2011,PIT,97,96,98,101.0,100.0,92.0,90.0,95.0,96.0,102.0,99.0,100.0,98.0,98.0
2011,SDN,92,93,91,97.0,93.0,105.0,89.0,103.0,103.0,100.0,98.0,97.0,97.0,97.0
2011,SEA,94,90,94,99.0,94.0,88.0,92.0,103.0,102.0,98.0,99.0,98.0,104.0,97.0
2011,SFN,94,91,87,99.0,99.0,102.0,89.0,99.0,99.0,101.0,96.0,100.0,97.0,96.0
2011,SLN,97,97,95,100.0,97.0,90.0,92.0,99.0,100.0,100.0,99.0,101.0,100.0,97.0
2011,TBA,95,92,91,98.0,96.0,110.0,96.0,101.0,99.0,98.0,101.0,98.0,112.0,98.0
2011,TEX,106,110,118,102.0,103.0,106.0,107.0,98.0,102.0,100.0,101.0,103.0,97.0,103.0
2011,TOR,102,103,107,97.0,105.0,104.0,107.0,102.0,99.0,99.0,101.0,100.0,98.0,102.0
2011,WAS,100,99,98,102.0,101.0,95.0,99.0,97.0,96.0,101.0,101.0,101.0,100.0,100.0
2012,ANA,95,94,91,100.0,96.0,88.0,92.0,101.0,97.0,100.0,99.0,99.0,97.0,96.0
2012,ARI,104,104,108,99.0,104.0,122.0,104.0,100.0,98.0,100.0,100.0,99.0,96.0,101.0
2012,ATL,99,99,102,100.0,99.0,94.0,99.0,103.0,100.0,98.0,99.0,102.0,96.0,98.0
2012,BAL,102,103,108,101.0,100.0,86.0,107.0,99.0,101.0,101.0,100.0,99.0,100.0,104.0
2012,BOS,104,105,109,102.0,114.0,100.0,95.0,100.0,101.0,102.0,98.0,105.0,102.0,98.0
2012,CHA,104,104,112,99.0,99.0,90.0,111.0,102.0,107.0,97.0,102.0,98.0,104.0,104.0
2012,CHN,102,102,101,101.0,101.0,103.0,101.0,102.0,102.0,100.0,100.0,100.0,98.0,100.0
2012,CIN,101,103,105,99.0,97.0,98.0,113.0,103.0,100.0,99.0,100.0,98.0,102.0,103.0
2012,CLE,97,97,95,99.0,101.0,83.0,101.0,101.0,98.0,101.0,98.0,100.0,95.0,100.0
2012,COL,117,118,126,108.0,109.0,126.0,116.0,95.0,100.0,106.0,100.0,109.0,95.0,108.0
2012,DET,102,104,103,102.0,98.0,123.0,100.0,95.0,99.0,101.0,103.0,98.0,103.0,101.0
2012,HOU,100,102,97,98.0,100.0,107.0,105.0,103.0,101.0,100.0,100.0,98.0,100.0,101.0
2012,KCA,101,102,102,101.0,101.0,118.0,95.0,97.0,99.0,102.0,101.0,101.0,95.0,99.0
2012,LAN,96,95,94,99.0,98.0,75.0,102.0,100.0,98.0,100.0,100.0,98.0,108.0,100.0
2012,MIA,98,101,100,99.0,100.0,109.0,89.0,99.0,100.0,100.0,100.0,99.0,96.0,97.0
2012,MIL,103,105,108,100.0,100.0,97.0,111.0,101.0,103.0,98.0,101.0,103.0,98.0,104.0
2012,MIN,101,100,102,102.0,102.0,110.0,94.0,98.0,100.0,101.0,99.0,103.0,101.0,99.0
2012,NYA,103,103,100,100.0,98.0,85.0,111.0,100.0,100.0,99.0,101.0,98.0,100.0,104.0
2012,NYN,95,94,94,96.0,95.0,85.0,102.0,102.0,101.0,97.0,101.0,98.0,108.0,100.0
2012,OAK,97,96,95,99.0,99.0,107.0,92.0,99.0,101.0,99.0,101.0,101.0,107.0,98.0
2012,PHI,100,101,99,98.0,100.0,94.0,107.0,102.0,101.0,99.0,101.0,97.0,102.0,102.0
2012,PIT,97,94,89,101.0,101.0,93.0,88.0,95.0,96.0,102.0,99.0,100.0,99.0,97.0
2012,SDN,92,93,93,97.0,93.0,105.0,89.0,103.0,103.0,100.0,98.0,97.0,97.0,97.0
2012,SEA,94,90,85,99.0,94.0,88.0,92.0,103.0,102.0,98.0,99.0,98.0,104.0,97.0
2012,SFN,93,90,87,99.0,98.0,108.0,87.0,100.0,100.0,101.0,95.0,98.0,95.0,95.0
2012,SLN,98,96,99,99.0,99.0,95.0,93.0,98.0,100.0,100.0,100.0,101.0,100.0,99.0
2012,TBA,95,94,94,98.0,95.0,103.0,95.0,101.0,100.0,98.0,101.0,99.0,110.0,98.0
2012,TEX,106,109,108,102.0,100.0,110.0,106.0,98.0,101.0,100.0,101.0,102.0,98.0,103.0
2012,TOR,103,104,100,99.0,107.0,106.0,109.0,102.0,99.0,99.0,102.0,102.0,100.0,102.0
2012,WAS,100,100,101,104.0,102.0,87.0,97.0,98.0,97.0,101.0,100.0,103.0,97.0,99.0
2013,ANA,95,95,98,100.0,96.0,91.0,93.0,102.0,97.0,100.0,99.0,97.0,97.0,97.0
2013,ARI,104,104,99,99.0,105.0,120.0,102.0,100.0,99.0,100.0,99.0,99.0,96.0,100.0
2013,ATL,99,99,98,100.0,99.0,93.0,96.0,103.0,101.0,99.0,100.0,101.0,97.0,97.0
2013,BAL,103,102,103,101.0,99.0,86.0,108.0,99.0,100.0,100.0,101.0,101.0,99.0,104.0
2013,BOS,105,104,98,103.0,114.0,105.0,96.0,100.0,100.0,101.0,97.0,105.0,102.0,98.0
2013,CHA,102,105,100,99.0,97.0,91.0,108.0,103.0,107.0,98.0,102.0,99.0,104.0,103.0
2013,CHN,100,102,109,99.0,99.0,102.0,102.0,101.0,102.0,100.0,100.0,99.0,99.0,101.0
2013,CIN,102,101,99,99.0,98.0,92.0,113.0,103.0,101.0,99.0,100.0,99.0,101.0,103.0
2013,CLE,100,97,97,100.0,103.0,81.0,101.0,101.0,99.0,101.0,97.0,101.0,95.0,100.0
2013,COL,117,120,113,110.0,108.0,128.0,113.0,95.0,102.0,106.0,99.0,109.0,94.0,108.0
2013,DET,101,103,106,101.0,98.0,126.0,98.0,95.0,99.0,101.0,103.0,98.0,102.0,100.0
2013,HOU,100,100,103,99.0,100.0,108.0,105.0,103.0,101.0,100.0,99.0,98.0,100.0,101.0
2013,KCA,101,102,104,101.0,103.0,114.0,93.0,96.0,99.0,102.0,101.0,101.0,96.0,99.0
2013,LAN,96,94,94,98.0,98.0,78.0,102.0,100.0,96.0,99.0,100.0,97.0,106.0,99.0
2013,MIA,98,101,101,99.0,100.0,109.0,89.0,99.0,100.0,100.0,100.0,99.0,96.0,97.0
2013,MIL,104,104,105,99.0,100.0,102.0,112.0,101.0,102.0,99.0,101.0,102.0,96.0,104.0
2013,MIN,101,103,101,102.0,101.0,106.0,98.0,98.0,99.0,101.0,99.0,103.0,101.0,100.0
2013,NYA,101,100,104,100.0,97.0,84.0,110.0,101.0,101.0,99.0,102.0,99.0,102.0,103.0
2013,NYN,95,94,94,96.0,95.0,85.0,102.0,102.0,101.0,97.0,101.0,98.0,108.0,100.0
2013,OAK,97,97,95,99.0,100.0,105.0,93.0,97.0,101.0,99.0,102.0,100.0,108.0,98.0
2013,PHI,100,100,105,98.0,99.0,92.0,107.0,103.0,102.0,99.0,101.0,97.0,104.0,102.0
2013,PIT,96,94,96,101.0,99.0,89.0,90.0,96.0,96.0,102.0,98.0,101.0,97.0,97.0
2013,SDN,95,94,92,98.0,96.0,96.0,96.0,101.0,100.0,100.0,98.0,99.0,97.0,98.0
2013,SEA,96,95,100,98.0,96.0,85.0,99.0,103.0,99.0,97.0,102.0,97.0,107.0,98.0
2013,SFN,92,92,94,99.0,97.0,115.0,84.0,100.0,100.0,101.0,95.0,98.0,96.0,94.0
2013,SLN,98,99,95,100.0,99.0,95.0,94.0,98.0,99.0,100.0,101.0,100.0,101.0,99.0
2013,TBA,96,97,97,99.0,95.0,98.0,96.0,102.0,100.0,98.0,101.0,98.0,108.0,98.0
2013,TEX,106,103,99,103.0,101.0,110.0,105.0,98.0,102.0,101.0,101.0,103.0,96.0,103.0
2013,TOR,102,103,105,97.0,108.0,105.0,106.0,102.0,99.0,99.0,101.0,101.0,99.0,101.0
2013,WAS,100,102,101,104.0,102.0,84.0,97.0,97.0,98.0,100.0,101.0,101.0,99.0,99.0
2014,ANA,95,96,96,99.0,96.0,91.0,95.0,102.0,97.0,100.0,100.0,97.0,98.0,97.0
2014,ARI,105,103,107,100.0,105.0,125.0,104.0,100.0,100.0,101.0,99.0,100.0,93.0,101.0
2014,ATL,99,97,97,100.0,98.0,96.0,94.0,103.0,102.0,98.0,100.0,101.0,99.0,97.0
2014,BAL,102,103,97,101.0,97.0,87.0,107.0,98.0,99.0,100.0,100.0,101.0,99.0,103.0
2014,BOS,105,103,103,102.0,115.0,108.0,98.0,99.0,100.0,102.0,98.0,104.0,102.0,99.0
2014,CHA,101,99,102,99.0,97.0,94.0,107.0,102.0,104.0,99.0,101.0,100.0,102.0,103.0
2014,CHN,99,101,97,99.0,100.0,100.0,100.0,101.0,102.0,100.0,100.0,100.0,100.0,100.0
2014,CIN,101,101,98,99.0,98.0,91.0,111.0,104.0,102.0,98.0,100.0,99.0,101.0,103.0
2014,CLE,102,102,98,101.0,106.0,80.0,102.0,101.0,100.0,101.0,98.0,101.0,93.0,101.0
2014,COL,118,118,123,110.0,110.0,131.0,113.0,95.0,102.0,107.0,98.0,109.0,90.0,108.0
2014,DET,101,100,100,100.0,97.0,125.0,100.0,96.0,100.0,100.0,103.0,98.0,104.0,101.0
2014,HOU,98,100,101,98.0,98.0,110.0,102.0,104.0,100.0,101.0,97.0,99.0,101.0,99.0
2014,KCA,103,102,101,101.0,105.0,115.0,94.0,97.0,99.0,101.0,102.0,101.0,95.0,99.0
2014,LAN,95,95,96,97.0,98.0,76.0,101.0,101.0,94.0,99.0,100.0,97.0,102.0,98.0
2014,MIA,98,100,101,99.0,100.0,109.0,89.0,99.0,100.0,100.0,100.0,99.0,96.0,97.0
2014,MIL,103,103,100,98.0,100.0,101.0,113.0,102.0,101.0,98.0,101.0,100.0,97.0,104.0
2014,MIN,102,102,105,102.0,102.0,107.0,99.0,97.0,98.0,102.0,100.0,102.0,100.0,101.0
2014,NYA,101,101,97,99.0,96.0,81.0,111.0,101.0,101.0,98.0,102.0,98.0,102.0,104.0
2014,NYN,95,93,93,96.0,95.0,85.0,102.0,102.0,101.0,97.0,101.0,98.0,108.0,100.0
2014,OAK,96,98,101,99.0,99.0,107.0,92.0,97.0,99.0,99.0,103.0,99.0,109.0,98.0
2014,PHI,99,101,97,97.0,98.0,93.0,108.0,103.0,101.0,99.0,100.0,96.0,107.0,102.0
2014,PIT,96,97,99,101.0,99.0,97.0,90.0,96.0,97.0,102.0,98.0,103.0,98.0,97.0
2014,SDN,95,94,92,98.0,96.0,96.0,96.0,101.0,100.0,100.0,98.0,99.0,97.0,98.0
2014,SEA,96,95,92,98.0,96.0,85.0,99.0,103.0,99.0,97.0,102.0,97.0,107.0,98.0
2014,SFN,95,94,96,100.0,98.0,118.0,85.0,99.0,102.0,101.0,96.0,97.0,95.0,95.0
2014,SLN,98,98,105,101.0,101.0,94.0,96.0,98.0,98.0,101.0,102.0,101.0,104.0,99.0
2014,TBA,97,99,100,99.0,95.0,101.0,95.0,102.0,100.0,98.0,101.0,99.0,106.0,97.0
2014,TEX,104,103,102,103.0,99.0,108.0,101.0,98.0,102.0,100.0,101.0,103.0,97.0,101.0
2014,TOR,102,101,102,97.0,108.0,100.0,105.0,101.0,100.0,100.0,100.0,100.0,99.0,101.0
2014,WAS,100,101,103,103.0,101.0,85.0,97.0,99.0,100.0,100.0,102.0,101.0,100.0,99.0
2015,ANA,97,95,93,100.0,96.0,88.0,98.0,102.0,97.0,101.0,100.0,98.0,100.0,98.0
2015,ARI,105,107,103,100.0,106.0,127.0,104.0,100.0,100.0,101.0,100.0,101.0,93.0,101.0
2015,ATL,99,99,97,100.0,98.0,96.0,94.0,103.0,102.0,98.0,100.0,101.0,99.0,97.0
2015,BAL,101,101,108,101.0,96.0,87.0,106.0,98.0,100.0,101.0,102.0,100.0,100.0,103.0
2015,BOS,104,107,109,103.0,112.0,103.0,95.0,99.0,99.0,102.0,97.0,103.0,101.0,98.0
2015,CHA,99,98,95,98.0,95.0,93.0,105.0,102.0,103.0,98.0,101.0,98.0,105.0,102.0
2015,CHN,100,96,98,100.0,100.0,103.0,101.0,101.0,102.0,100.0,99.0,101.0,97.0,100.0
2015,CIN,101,101,105,98.0,100.0,91.0,108.0,104.0,102.0,98.0,100.0,98.0,102.0,102.0
2015,CLE,102,106,112,101.0,106.0,83.0,102.0,100.0,100.0,101.0,97.0,101.0,92.0,100.0
2015,COL,116,120,120,109.0,109.0,132.0,110.0,95.0,102.0,107.0,99.0,107.0,90.0,107.0
2015,DET,102,99,95,101.0,99.0,123.0,101.0,96.0,100.0,100.0,104.0,101.0,105.0,102.0
2015,HOU,97,96,97,98.0,96.0,109.0,102.0,103.0,99.0,100.0,98.0,98.0,100.0,99.0
2015,KCA,102,103,101,101.0,105.0,114.0,92.0,97.0,99.0,100.0,101.0,101.0,95.0,98.0
2015,LAN,96,94,96,97.0,99.0,77.0,100.0,100.0,94.0,99.0,100.0,96.0,102.0,98.0
2015,MIA,97,97,98,99.0,98.0,108.0,90.0,99.0,101.0,101.0,99.0,97.0,95.0,97.0
2015,MIL,102,101,105,99.0,101.0,96.0,108.0,101.0,101.0,99.0,100.0,101.0,97.0,103.0
2015,MIN,102,102,100,103.0,103.0,104.0,101.0,98.0,99.0,102.0,101.0,102.0,100.0,101.0
2015,NYA,101,100,101,99.0,95.0,83.0,112.0,101.0,100.0,98.0,102.0,98.0,102.0,104.0
2015,NYN,95,95,94,95.0,96.0,86.0,99.0,102.0,101.0,97.0,101.0,98.0,110.0,100.0
2015,OAK,98,97,97,99.0,102.0,113.0,94.0,98.0,99.0,100.0,102.0,100.0,105.0,98.0
2015,PHI,100,97,102,98.0,97.0,95.0,111.0,104.0,101.0,99.0,101.0,97.0,108.0,103.0
2015,PIT,98,99,97,102.0,99.0,96.0,92.0,97.0,99.0,102.0,98.0,104.0,99.0,98.0
2015,SDN,95,97,97,98.0,96.0,96.0,96.0,101.0,100.0,100.0,98.0,99.0,97.0,98.0
2015,SEA,96,95,94,98.0,96.0,85.0,99.0,103.0,99.0,97.0,102.0,97.0,107.0,98.0
2015,SFN,96,96,93,100.0,99.0,122.0,86.0,100.0,101.0,101.0,97.0,98.0,98.0,95.0
2015,SLN,97,99,97,100.0,99.0,96.0,95.0,97.0,98.0,100.0,101.0,101.0,103.0,99.0
2015,TBA,97,98,99,99.0,94.0,100.0,96.0,103.0,100.0,98.0,100.0,100.0,104.0,98.0
2015,TEX,105,105,107,103.0,100.0,109.0,101.0,98.0,104.0,100.0,100.0,103.0,98.0,102.0
2015,TOR,101,101,96,97.0,108.0,97.0,103.0,100.0,99.0,99.0,99.0,100.0,98.0,101.0
2015,WAS,101,100,100,104.0,102.0,81.0,97.0,99.0,100.0,100.0,102.0,101.0,98.0,99.0
2016,ANA,97,96,96,100.0,96.0,88.0,98.0,102.0,97.0,101.0,100.0,98.0,100.0,99.0
2016,ARI,105,108,110,100.0,106.0,127.0,104.0,100.0,100.0,101.0,100.0,101.0,93.0,101.0
2016,ATL,99,99,103,100.0,98.0,96.0,94.0,103.0,102.0,98.0,100.0,101.0,99.0,97.0
2016,BAL,100,102,98,101.0,96.0,87.0,106.0,98.0,100.0,101.0,102.0,100.0,100.0,103.0
2016,BOS,105,106,109,103.0,112.0,103.0,95.0,99.0,99.0,102.0,97.0,103.0,101.0,99.0
2016,CHA,99,97,97,98.0,95.0,93.0,105.0,102.0,103.0,98.0,101.0,98.0,105.0,100.0
2016,CHN,100,99,94,100.0,100.0,103.0,101.0,101.0,102.0,100.0,99.0,101.0,97.0,100.0
2016,CIN,102,102,100,98.0,100.0,91.0,108.0,104.0,102.0,98.0,100.0,98.0,102.0,103.0
2016,CLE,104,106,110,101.0,106.0,83.0,102.0,100.0,100.0,101.0,97.0,101.0,92.0,101.0
2016,COL,116,117,117,109.0,109.0,132.0,110.0,95.0,102.0,107.0,99.0,107.0,90.0,107.0
2016,DET,100,101,101,101.0,99.0,123.0,101.0,96.0,100.0,100.0,104.0,101.0,105.0,101.0
2016,HOU,96,93,91,98.0,96.0,109.0,102.0,103.0,99.0,100.0,98.0,98.0,100.0,99.0
2016,KCA,101,101,108,101.0,105.0,114.0,92.0,97.0,99.0,100.0,101.0,101.0,95.0,98.0
2016,LAN,96,95,91,97.0,99.0,77.0,100.0,100.0,94.0,99.0,100.0,96.0,102.0,98.0
2016,MIA,95,94,92,99.0,98.0,108.0,90.0,99.0,101.0,101.0,99.0,97.0,95.0,97.0
2016,MIL,101,102,99,99.0,101.0,96.0,108.0,101.0,101.0,99.0,100.0,101.0,97.0,102.0
2016,MIN,102,102,102,103.0,103.0,104.0,101.0,98.0,99.0,102.0,101.0,102.0,100.0,102.0
2016,NYA,101,101,102,99.0,95.0,83.0,112.0,101.0,100.0,98.0,102.0,98.0,102.0,104.0
2016,NYN,94,95,99,95.0,96.0,86.0,99.0,102.0,101.0,97.0,101.0,98.0,110.0,98.0
2016,OAK,98,98,92,99.0,102.0,113.0,94.0,98.0,99.0,100.0,102.0,100.0,105.0,98.0
2016,PHI,99,99,92,98.0,97.0,95.0,111.0,104.0,101.0,99.0,101.0,97.0,108.0,102.0
2016,PIT,98,98,100,102.0,99.0,96.0,92.0,97.0,99.0,102.0,98.0,104.0,99.0,99.0
2016,SDN,97,96,101,98.0,96.0,96.0,96.0,101.0,100.0,100.0,98.0,99.0,97.0,99.0
2016,SEA,95,96,97,98.0,96.0,85.0,99.0,103.0,99.0,97.0,102.0,97.0,107.0,98.0
2016,SFN,97,95,101,100.0,99.0,122.0,86.0,100.0,101.0,101.0,97.0,98.0,98.0,95.0
2016,SLN,98,96,96,100.0,99.0,96.0,95.0,97.0,98.0,100.0,101.0,101.0,103.0,99.0
2016,TBA,97,96,95,99.0,94.0,100.0,96.0,103.0,100.0,98.0,100.0,100.0,104.0,97.0
2016,TEX,108,108,107,103.0,100.0,109.0,101.0,98.0,104.0,100.0,100.0,103.0,98.0,104.0
2016,TOR,100,100,107,97.0,108.0,97.0,103.0,100.0,99.0,99.0,99.0,100.0,98.0,100.0
2016,WAS,102,100,98,104.0,102.0,81.0,97.0,99.0,100.0,100.0,102.0,101.0,98.0,100.0
2017,ANA,97,97,98,100.0,96.0,88.0,98.0,102.0,97.0,101.0,100.0,98.0,100.0,99.0
2017,ARI,105,108,109,100.0,106.0,127.0,104.0,100.0,100.0,101.0,100.0,101.0,93.0,101.0
2017,ATL,101,102,99,101.0,102.0,92.0,99.0,100.0,97.0,100.0,100.0,103.0,101.0,99.0
2017,BAL,100,99,101,101.0,96.0,87.0,106.0,98.0,100.0,101.0,102.0,100.0,100.0,103.0
2017,BOS,105,105,101,103.0,112.0,103.0,95.0,99.0,99.0,102.0,97.0,103.0,101.0,99.0
2017,CHA,99,98,100,98.0,95.0,93.0,105.0,102.0,103.0,98.0,101.0,98.0,105.0,100.0
2017,CHN,100,101,106,100.0,100.0,103.0,101.0,101.0,102.0,100.0,99.0,101.0,97.0,100.0
2017,CIN,102,102,101,98.0,100.0,91.0,108.0,104.0,102.0,98.0,100.0,98.0,102.0,103.0
2017,CLE,104,105,99,101.0,106.0,83.0,102.0,100.0,100.0,101.0,97.0,101.0,92.0,101.0
2017,COL,116,115,115,109.0,109.0,132.0,110.0,95.0,102.0,107.0,99.0,107.0,90.0,107.0
2017,DET,100,102,108,101.0,99.0,123.0,101.0,96.0,100.0,100.0,104.0,101.0,105.0,101.0
2017,HOU,96,94,92,98.0,96.0,109.0,102.0,103.0,99.0,100.0,98.0,98.0,100.0,99.0
2017,KCA,101,102,97,101.0,105.0,114.0,92.0,97.0,99.0,100.0,101.0,101.0,95.0,98.0
2017,LAN,96,94,99,97.0,99.0,77.0,100.0,100.0,94.0,99.0,100.0,96.0,102.0,98.0
2017,MIA,95,91,94,99.0,98.0,108.0,90.0,99.0,101.0,101.0,99.0,97.0,95.0,97.0
2017,MIL,101,101,103,99.0,101.0,96.0,108.0,101.0,101.0,99.0,100.0,101.0,97.0,102.0
2017,MIN,102,102,104,103.0,103.0,104.0,101.0,98.0,99.0,102.0,101.0,102.0,100.0,102.0
2017,NYA,101,103,101,99.0,95.0,83.0,112.0,101.0,100.0,98.0,102.0,98.0,102.0,104.0
2017,NYN,94,93,93,95.0,96.0,86.0,99.0,102.0,101.0,97.0,101.0,98.0,110.0,98.0
2017,OAK,98,96,105,99.0,102.0,113.0,94.0,98.0,99.0,100.0,102.0,100.0,105.0,98.0
2017,PHI,99,99,103,98.0,97.0,95.0,111.0,104.0,101.0,99.0,101.0,97.0,108.0,102.0
2017,PIT,98,97,98,102.0,99.0,96.0,92.0,97.0,99.0,102.0,98.0,104.0,99.0,99.0
2017,SDN,97,98,92,98.0,96.0,96.0,96.0,101.0,100.0,100.0,98.0,99.0,97.0,99.0
2017,SEA,95,95,96,98.0,96.0,85.0,99.0,103.0,99.0,97.0,102.0,97.0,107.0,98.0
2017,SFN,97,98,93,100.0,99.0,122.0,86.0,100.0,101.0,101.0,97.0,98.0,98.0,95.0
2017,SLN,98,96,95,100.0,99.0,96.0,95.0,97.0,98.0,100.0,101.0,101.0,103.0,99.0
2017,TBA,97,96,95,99.0,94.0,100.0,96.0,103.0,100.0,98.0,100.0,100.0,104.0,97.0
2017,TEX,108,111,110,103.0,100.0,109.0,101.0,98.0,104.0,100.0,100.0,103.0,98.0,104.0
2017,TOR,100,101,97,97.0,108.0,97.0,103.0,100.0,99.0,99.0,99.0,100.0,98.0,100.0
2017,WAS,102,102,103,104.0,102.0,81.0,97.0,99.0,100.0,100.0,102.0,101.0,98.0,100.0
2018,ANA,97,97,99,100.0,96.0,88.0,98.0,102.0,97.0,101.0,100.0,98.0,100.0,99.0
2018,ARI,102,103,103,100.0,106.0,127.0,104.0,100.0,100.0,101.0,100.0,101.0,93.0,100.0
2018,ATL,101,102,106,101.0,102.0,92.0,99.0,100.0,97.0,100.0,100.0,103.0,101.0,99.0
2018,BAL,100,99,99,101.0,96.0,87.0,106.0,98.0,100.0,101.0,102.0,100.0,100.0,103.0
2018,BOS,105,105,104,103.0,112.0,103.0,95.0,99.0,99.0,102.0,97.0,103.0,101.0,99.0
2018,CHA,99,98,97,98.0,95.0,93.0,105.0,102.0,103.0,98.0,101.0,98.0,105.0,100.0
2018,CHN,100,101,104,100.0,100.0,103.0,101.0,101.0,102.0,100.0,99.0,101.0,97.0,100.0
2018,CIN,102,102,106,98.0,100.0,91.0,108.0,104.0,102.0,98.0,100.0,98.0,102.0,103.0
2018,CLE,104,105,106,101.0,106.0,83.0,102.0,100.0,100.0,101.0,97.0,101.0,92.0,101.0
2018,COL,116,115,112,109.0,109.0,132.0,110.0,95.0,102.0,107.0,99.0,107.0,90.0,107.0
2018,DET,100,102,97,101.0,99.0,123.0,101.0,96.0,100.0,100.0,104.0,101.0,105.0,101.0
2018,HOU,96,94,99,98.0,96.0,109.0,102.0,103.0,99.0,100.0,98.0,98.0,100.0,99.0
2018,KCA,101,102,103,101.0,105.0,114.0,92.0,97.0,99.0,100.0,101.0,101.0,95.0,98.0
2018,LAN,96,94,94,97.0,99.0,77.0,100.0,100.0,94.0,99.0,100.0,96.0,102.0,98.0
2018,MIA,95,91,88,99.0,98.0,108.0,90.0,99.0,101.0,101.0,99.0,97.0,95.0,97.0
2018,MIL,101,101,101,99.0,101.0,96.0,108.0,101.0,101.0,99.0,100.0,101.0,97.0,102.0
2018,MIN,102,102,100,103.0,103.0,104.0,101.0,98.0,99.0,102.0,101.0,102.0,100.0,102.0
2018,NYA,101,103,106,99.0,95.0,83.0,112.0,101.0,100.0,98.0,102.0,98.0,102.0,104.0
2018,NYN,94,93,87,95.0,96.0,86.0,99.0,102.0,101.0,97.0,101.0,98.0,110.0,98.0
2018,OAK,98,96,92,99.0,102.0,113.0,94.0,98.0,99.0,100.0,102.0,100.0,105.0,98.0
2018,PHI,99,99,102,98.0,97.0,95.0,111.0,104.0,101.0,99.0,101.0,97.0,108.0,102.0
2018,PIT,98,97,94,102.0,99.0,96.0,92.0,97.0,99.0,102.0,98.0,104.0,99.0,99.0
2018,SDN,97,98,102,98.0,96.0,96.0,96.0,101.0,100.0,100.0,98.0,99.0,97.0,99.0
2018,SEA,95,95,93,98.0,96.0,85.0,99.0,103.0,99.0,97.0,102.0,97.0,107.0,98.0
2018,SFN,97,98,101,100.0,99.0,122.0,86.0,100.0,101.0,101.0,97.0,98.0,98.0,95.0
2018,SLN,98,96,97,100.0,99.0,96.0,95.0,97.0,98.0,100.0,101.0,101.0,103.0,99.0
2018,TBA,97,96,97,99.0,94.0,100.0,96.0,103.0,100.0,98.0,100.0,100.0,104.0,97.0
2018,TEX,108,111,116,103.0,100.0,109.0,101.0,98.0,104.0,100.0,100.0,103.0,98.0,104.0
2018,TOR,100,101,98,97.0,108.0,97.0,103.0,100.0,99.0,99.0,99.0,100.0,98.0,100.0
2018,WAS,102,102,106,104.0,102.0,81.0,97.0,99.0,100.0,100.0,102.0,101.0,98.0,100.0
